"","contrast","RAWMATERIAL","estimate","lower.HPD","upper.HPD"
"1","(STRAT_mod8.4 - STRAT_mod25.5) - (STRAT_mod8.4 - STRAT_mod26.6)","Quartz",-0.028079256054905,-0.0528056618778496,-0.00386321319559313
"2","(STRAT_mod8.4 - STRAT_mod25.5) - (STRAT_mod8.4 - STRAT_mod27.2)","Quartz",-0.0777120147133017,-0.1174735538186,-0.0396465040705736
"3","(STRAT_mod8.4 - STRAT_mod25.5) - (STRAT_mod8.4 - STRAT_mod29.6)","Quartz",-0.0634387988979481,-0.0954072092116514,-0.0322490328357192
"4","(STRAT_mod8.4 - STRAT_mod25.5) - (STRAT_mod8.4 - STRAT_mod37.1)","Quartz",-0.0845597660901969,-0.135802588878953,-0.039280877035289
"5","(STRAT_mod8.4 - STRAT_mod25.5) - (STRAT_mod8.4 - STRAT_mod49.8)","Quartz",-0.0396271193236315,-0.0791894655980934,-0.00302309061224548
"6","(STRAT_mod8.4 - STRAT_mod25.5) - (STRAT_mod25.5 - STRAT_mod26.6)","Quartz",-0.0221283885890313,-0.0612534706856818,0.0217226969211373
"7","(STRAT_mod8.4 - STRAT_mod25.5) - (STRAT_mod25.5 - STRAT_mod27.2)","Quartz",-0.0716817221600954,-0.123042129387341,-0.021652790961646
"8","(STRAT_mod8.4 - STRAT_mod25.5) - (STRAT_mod25.5 - STRAT_mod29.6)","Quartz",-0.0571860050894404,-0.102932784158269,-0.0112822288156598
"9","(STRAT_mod8.4 - STRAT_mod25.5) - (STRAT_mod25.5 - STRAT_mod37.1)","Quartz",-0.0782680458324549,-0.137448862141504,-0.0209988290554772
"10","(STRAT_mod8.4 - STRAT_mod25.5) - (STRAT_mod25.5 - STRAT_mod49.8)","Quartz",-0.0338645272873681,-0.0820897903563456,0.0184687256563971
"11","(STRAT_mod8.4 - STRAT_mod25.5) - (STRAT_mod26.6 - STRAT_mod27.2)","Quartz",-0.0434343290224457,-0.0916943943673774,0.00261427738572717
"12","(STRAT_mod8.4 - STRAT_mod25.5) - (STRAT_mod26.6 - STRAT_mod29.6)","Quartz",-0.0289633259902218,-0.0711211289362543,0.0124733039962073
"13","(STRAT_mod8.4 - STRAT_mod25.5) - (STRAT_mod26.6 - STRAT_mod37.1)","Quartz",-0.0505318200536422,-0.104317315300634,0.005214380388884
"14","(STRAT_mod8.4 - STRAT_mod25.5) - (STRAT_mod26.6 - STRAT_mod49.8)","Quartz",-0.00592633265648868,-0.0510817795514367,0.0422267781499097
"15","(STRAT_mod8.4 - STRAT_mod25.5) - (STRAT_mod27.2 - STRAT_mod29.6)","Quartz",0.0208050278589833,-0.030546681490629,0.072220972101102
"16","(STRAT_mod8.4 - STRAT_mod25.5) - (STRAT_mod27.2 - STRAT_mod37.1)","Quartz",-0.000981997703937365,-0.0627016155804641,0.0653801356395216
"17","(STRAT_mod8.4 - STRAT_mod25.5) - (STRAT_mod27.2 - STRAT_mod49.8)","Quartz",0.0440456344028435,-0.0109352783132106,0.0998675404602749
"18","(STRAT_mod8.4 - STRAT_mod25.5) - (STRAT_mod29.6 - STRAT_mod37.1)","Quartz",-0.0152376557321503,-0.0758020483361421,0.0408501883419503
"19","(STRAT_mod8.4 - STRAT_mod25.5) - (STRAT_mod29.6 - STRAT_mod49.8)","Quartz",0.0298406272747509,-0.0207746187231037,0.080255909078438
"20","(STRAT_mod8.4 - STRAT_mod25.5) - (STRAT_mod37.1 - STRAT_mod49.8)","Quartz",0.0513951436721771,-0.0107881460330566,0.115405700014455
"21","(STRAT_mod8.4 - STRAT_mod26.6) - (STRAT_mod8.4 - STRAT_mod27.2)","Quartz",-0.0496433642240988,-0.0900107380093931,-0.0102110135767548
"22","(STRAT_mod8.4 - STRAT_mod26.6) - (STRAT_mod8.4 - STRAT_mod29.6)","Quartz",-0.0350470026652845,-0.0686321725438366,-0.00186882043504655
"23","(STRAT_mod8.4 - STRAT_mod26.6) - (STRAT_mod8.4 - STRAT_mod37.1)","Quartz",-0.0566323097649917,-0.106899397518753,-0.0063307479835224
"24","(STRAT_mod8.4 - STRAT_mod26.6) - (STRAT_mod8.4 - STRAT_mod49.8)","Quartz",-0.0117051740842111,-0.0495263161064461,0.0284064255166534
"25","(STRAT_mod8.4 - STRAT_mod26.6) - (STRAT_mod25.5 - STRAT_mod26.6)","Quartz",0.00594835829949258,-0.0194636869727232,0.0305083491976506
"26","(STRAT_mod8.4 - STRAT_mod26.6) - (STRAT_mod25.5 - STRAT_mod27.2)","Quartz",-0.0434343290224457,-0.0916943943673774,0.00261427738572717
"27","(STRAT_mod8.4 - STRAT_mod26.6) - (STRAT_mod25.5 - STRAT_mod29.6)","Quartz",-0.0289633259902218,-0.0711211289362543,0.0124733039962073
"28","(STRAT_mod8.4 - STRAT_mod26.6) - (STRAT_mod25.5 - STRAT_mod37.1)","Quartz",-0.0505318200536422,-0.104317315300634,0.005214380388884
"29","(STRAT_mod8.4 - STRAT_mod26.6) - (STRAT_mod25.5 - STRAT_mod49.8)","Quartz",-0.00592633265648868,-0.0510817795514367,0.0422267781499097
"30","(STRAT_mod8.4 - STRAT_mod26.6) - (STRAT_mod26.6 - STRAT_mod27.2)","Quartz",-0.0154090225903996,-0.0723093099518541,0.0372180885018789
"31","(STRAT_mod8.4 - STRAT_mod26.6) - (STRAT_mod26.6 - STRAT_mod29.6)","Quartz",-0.00109536487539885,-0.0507171645121747,0.0516853891294886
"32","(STRAT_mod8.4 - STRAT_mod26.6) - (STRAT_mod26.6 - STRAT_mod37.1)","Quartz",-0.0224238004482775,-0.0864843779184792,0.0378202919917712
"33","(STRAT_mod8.4 - STRAT_mod26.6) - (STRAT_mod26.6 - STRAT_mod49.8)","Quartz",0.0226538760925874,-0.0310251197009861,0.0776128580176962
"34","(STRAT_mod8.4 - STRAT_mod26.6) - (STRAT_mod27.2 - STRAT_mod29.6)","Quartz",0.0479847057797893,-0.00540800177964451,0.100161802761136
"35","(STRAT_mod8.4 - STRAT_mod26.6) - (STRAT_mod27.2 - STRAT_mod37.1)","Quartz",0.0268731562147464,-0.0379796735875582,0.091142828098191
"36","(STRAT_mod8.4 - STRAT_mod26.6) - (STRAT_mod27.2 - STRAT_mod49.8)","Quartz",0.0720870774916287,0.0157761054032437,0.129981320090069
"37","(STRAT_mod8.4 - STRAT_mod26.6) - (STRAT_mod29.6 - STRAT_mod37.1)","Quartz",0.0128418990868036,-0.0486324340387139,0.0719629647737348
"38","(STRAT_mod8.4 - STRAT_mod26.6) - (STRAT_mod29.6 - STRAT_mod49.8)","Quartz",0.0579880237053507,0.0074799707217208,0.109962873258044
"39","(STRAT_mod8.4 - STRAT_mod26.6) - (STRAT_mod37.1 - STRAT_mod49.8)","Quartz",0.0792604342686403,0.014446952588163,0.141865659698723
"40","(STRAT_mod8.4 - STRAT_mod27.2) - (STRAT_mod8.4 - STRAT_mod29.6)","Quartz",0.0141392230557666,-0.0325040270573296,0.0576767520831654
"41","(STRAT_mod8.4 - STRAT_mod27.2) - (STRAT_mod8.4 - STRAT_mod37.1)","Quartz",-0.00718106436724564,-0.0666156645745084,0.0512347855984783
"42","(STRAT_mod8.4 - STRAT_mod27.2) - (STRAT_mod8.4 - STRAT_mod49.8)","Quartz",0.03828883611812,-0.0129944284261891,0.0863367858872284
"43","(STRAT_mod8.4 - STRAT_mod27.2) - (STRAT_mod25.5 - STRAT_mod26.6)","Quartz",0.0561654653079082,0.00902085919375484,0.101677518421105
"44","(STRAT_mod8.4 - STRAT_mod27.2) - (STRAT_mod25.5 - STRAT_mod27.2)","Quartz",0.00594835829949258,-0.0194636869727232,0.0305083491976506
"45","(STRAT_mod8.4 - STRAT_mod27.2) - (STRAT_mod25.5 - STRAT_mod29.6)","Quartz",0.0208050278589833,-0.030546681490629,0.072220972101102
"46","(STRAT_mod8.4 - STRAT_mod27.2) - (STRAT_mod25.5 - STRAT_mod37.1)","Quartz",-0.000981997703937365,-0.0627016155804641,0.0653801356395216
"47","(STRAT_mod8.4 - STRAT_mod27.2) - (STRAT_mod25.5 - STRAT_mod49.8)","Quartz",0.0440456344028435,-0.0109352783132106,0.0998675404602749
"48","(STRAT_mod8.4 - STRAT_mod27.2) - (STRAT_mod26.6 - STRAT_mod27.2)","Quartz",0.0341468947157,0.00725293493516999,0.0619506476475986
"49","(STRAT_mod8.4 - STRAT_mod27.2) - (STRAT_mod26.6 - STRAT_mod29.6)","Quartz",0.0479847057797893,-0.00540800177964451,0.100161802761136
"50","(STRAT_mod8.4 - STRAT_mod27.2) - (STRAT_mod26.6 - STRAT_mod37.1)","Quartz",0.0268731562147464,-0.0379796735875582,0.091142828098191
"51","(STRAT_mod8.4 - STRAT_mod27.2) - (STRAT_mod26.6 - STRAT_mod49.8)","Quartz",0.0720870774916287,0.0157761054032437,0.129981320090069
"52","(STRAT_mod8.4 - STRAT_mod27.2) - (STRAT_mod27.2 - STRAT_mod29.6)","Quartz",0.0978993591559487,0.0156356757672875,0.173560893315446
"53","(STRAT_mod8.4 - STRAT_mod27.2) - (STRAT_mod27.2 - STRAT_mod37.1)","Quartz",0.07636889189979,-0.00899090613583775,0.16611038542851
"54","(STRAT_mod8.4 - STRAT_mod27.2) - (STRAT_mod27.2 - STRAT_mod49.8)","Quartz",0.121616867489673,0.045560161713178,0.207846213789165
"55","(STRAT_mod8.4 - STRAT_mod27.2) - (STRAT_mod29.6 - STRAT_mod37.1)","Quartz",0.062091013694094,-0.00274777809214655,0.133879872994498
"56","(STRAT_mod8.4 - STRAT_mod27.2) - (STRAT_mod29.6 - STRAT_mod49.8)","Quartz",0.107650075478944,0.0473132401001202,0.167131771710724
"57","(STRAT_mod8.4 - STRAT_mod27.2) - (STRAT_mod37.1 - STRAT_mod49.8)","Quartz",0.128729825499952,0.0631167220733442,0.202224131322352
"58","(STRAT_mod8.4 - STRAT_mod29.6) - (STRAT_mod8.4 - STRAT_mod37.1)","Quartz",-0.0219277869785519,-0.0753902769775094,0.0312627171325133
"59","(STRAT_mod8.4 - STRAT_mod29.6) - (STRAT_mod8.4 - STRAT_mod49.8)","Quartz",0.023864892609077,-0.0208114439935847,0.0661518348072825
"60","(STRAT_mod8.4 - STRAT_mod29.6) - (STRAT_mod25.5 - STRAT_mod26.6)","Quartz",0.0411757636996843,-0.000861014046903641,0.0818812115870142
"61","(STRAT_mod8.4 - STRAT_mod29.6) - (STRAT_mod25.5 - STRAT_mod27.2)","Quartz",-0.0080234401371071,-0.0601109930446215,0.0421255799618119
"62","(STRAT_mod8.4 - STRAT_mod29.6) - (STRAT_mod25.5 - STRAT_mod29.6)","Quartz",0.00594835829949258,-0.0194636869727232,0.0305083491976506
"63","(STRAT_mod8.4 - STRAT_mod29.6) - (STRAT_mod25.5 - STRAT_mod37.1)","Quartz",-0.0152376557321503,-0.0758020483361421,0.0408501883419503
"64","(STRAT_mod8.4 - STRAT_mod29.6) - (STRAT_mod25.5 - STRAT_mod49.8)","Quartz",0.0298406272747509,-0.0207746187231037,0.080255909078438
"65","(STRAT_mod8.4 - STRAT_mod29.6) - (STRAT_mod26.6 - STRAT_mod27.2)","Quartz",0.0199520684175303,-0.0333359730799865,0.0703417595422082
"66","(STRAT_mod8.4 - STRAT_mod29.6) - (STRAT_mod26.6 - STRAT_mod29.6)","Quartz",0.0341468947157,0.00725293493516999,0.0619506476475986
"67","(STRAT_mod8.4 - STRAT_mod29.6) - (STRAT_mod26.6 - STRAT_mod37.1)","Quartz",0.0128418990868036,-0.0486324340387139,0.0719629647737348
"68","(STRAT_mod8.4 - STRAT_mod29.6) - (STRAT_mod26.6 - STRAT_mod49.8)","Quartz",0.0579880237053507,0.0074799707217208,0.109962873258044
"69","(STRAT_mod8.4 - STRAT_mod29.6) - (STRAT_mod27.2 - STRAT_mod29.6)","Quartz",0.0837403770785174,0.0454268596833107,0.126908757236464
"70","(STRAT_mod8.4 - STRAT_mod29.6) - (STRAT_mod27.2 - STRAT_mod37.1)","Quartz",0.062091013694094,-0.00274777809214655,0.133879872994498
"71","(STRAT_mod8.4 - STRAT_mod29.6) - (STRAT_mod27.2 - STRAT_mod49.8)","Quartz",0.107650075478944,0.0473132401001202,0.167131771710724
"72","(STRAT_mod8.4 - STRAT_mod29.6) - (STRAT_mod29.6 - STRAT_mod37.1)","Quartz",0.0474356942673044,-0.025223502870825,0.123457146758859
"73","(STRAT_mod8.4 - STRAT_mod29.6) - (STRAT_mod29.6 - STRAT_mod49.8)","Quartz",0.0937269635519915,0.024395605546252,0.158544206637691
"74","(STRAT_mod8.4 - STRAT_mod29.6) - (STRAT_mod37.1 - STRAT_mod49.8)","Quartz",0.114595942639083,0.0478860473386908,0.181509999005873
"75","(STRAT_mod8.4 - STRAT_mod37.1) - (STRAT_mod8.4 - STRAT_mod49.8)","Quartz",0.0452115673870963,-0.0097953380638689,0.105180325200741
"76","(STRAT_mod8.4 - STRAT_mod37.1) - (STRAT_mod25.5 - STRAT_mod26.6)","Quartz",0.0627773482801248,0.00729291893010542,0.120345453538699
"77","(STRAT_mod8.4 - STRAT_mod37.1) - (STRAT_mod25.5 - STRAT_mod27.2)","Quartz",0.0126909132806639,-0.0502715239277784,0.07782909025895
"78","(STRAT_mod8.4 - STRAT_mod37.1) - (STRAT_mod25.5 - STRAT_mod29.6)","Quartz",0.0274538209211219,-0.030806903072532,0.0880027639507337
"79","(STRAT_mod8.4 - STRAT_mod37.1) - (STRAT_mod25.5 - STRAT_mod37.1)","Quartz",0.00594835829949258,-0.0194636869727232,0.0305083491976506
"80","(STRAT_mod8.4 - STRAT_mod37.1) - (STRAT_mod25.5 - STRAT_mod49.8)","Quartz",0.0513951436721771,-0.0107881460330566,0.115405700014455
"81","(STRAT_mod8.4 - STRAT_mod37.1) - (STRAT_mod26.6 - STRAT_mod27.2)","Quartz",0.0411318406398826,-0.024285392913133,0.106126126348729
"82","(STRAT_mod8.4 - STRAT_mod37.1) - (STRAT_mod26.6 - STRAT_mod29.6)","Quartz",0.0559573479483313,-0.004208602890166,0.116155630008462
"83","(STRAT_mod8.4 - STRAT_mod37.1) - (STRAT_mod26.6 - STRAT_mod37.1)","Quartz",0.0341468947157,0.00725293493516999,0.0619506476475986
"84","(STRAT_mod8.4 - STRAT_mod37.1) - (STRAT_mod26.6 - STRAT_mod49.8)","Quartz",0.0792604342686403,0.014446952588163,0.141865659698723
"85","(STRAT_mod8.4 - STRAT_mod37.1) - (STRAT_mod27.2 - STRAT_mod29.6)","Quartz",0.105465087966271,0.0350999455312344,0.16893758950025
"86","(STRAT_mod8.4 - STRAT_mod37.1) - (STRAT_mod27.2 - STRAT_mod37.1)","Quartz",0.0837403770785174,0.0454268596833107,0.126908757236464
"87","(STRAT_mod8.4 - STRAT_mod37.1) - (STRAT_mod27.2 - STRAT_mod49.8)","Quartz",0.128729825499952,0.0631167220733442,0.202224131322352
"88","(STRAT_mod8.4 - STRAT_mod37.1) - (STRAT_mod29.6 - STRAT_mod37.1)","Quartz",0.0693879850265138,0.0369934902295879,0.105153313852728
"89","(STRAT_mod8.4 - STRAT_mod37.1) - (STRAT_mod29.6 - STRAT_mod49.8)","Quartz",0.114595942639083,0.0478860473386908,0.181509999005873
"90","(STRAT_mod8.4 - STRAT_mod37.1) - (STRAT_mod37.1 - STRAT_mod49.8)","Quartz",0.135784660944653,0.0296474081879592,0.232247736166976
"91","(STRAT_mod8.4 - STRAT_mod49.8) - (STRAT_mod25.5 - STRAT_mod26.6)","Quartz",0.017583851930649,-0.0284263545286505,0.0643488513300001
"92","(STRAT_mod8.4 - STRAT_mod49.8) - (STRAT_mod25.5 - STRAT_mod27.2)","Quartz",-0.0322936914873282,-0.0883135806287756,0.0218165804430979
"93","(STRAT_mod8.4 - STRAT_mod49.8) - (STRAT_mod25.5 - STRAT_mod29.6)","Quartz",-0.0175848164043184,-0.0673037133907535,0.0340567239045533
"94","(STRAT_mod8.4 - STRAT_mod49.8) - (STRAT_mod25.5 - STRAT_mod37.1)","Quartz",-0.0388831308893023,-0.0996511108513567,0.0242011887780893
"95","(STRAT_mod8.4 - STRAT_mod49.8) - (STRAT_mod25.5 - STRAT_mod49.8)","Quartz",0.00594835829949258,-0.0194636869727232,0.0305083491976506
"96","(STRAT_mod8.4 - STRAT_mod49.8) - (STRAT_mod26.6 - STRAT_mod27.2)","Quartz",-0.00452038049629033,-0.062057805459149,0.0510311525526124
"97","(STRAT_mod8.4 - STRAT_mod49.8) - (STRAT_mod26.6 - STRAT_mod29.6)","Quartz",0.0105003850524152,-0.0423709947173889,0.060899147407651
"98","(STRAT_mod8.4 - STRAT_mod49.8) - (STRAT_mod26.6 - STRAT_mod37.1)","Quartz",-0.011185402119924,-0.076997279584671,0.0505098458615767
"99","(STRAT_mod8.4 - STRAT_mod49.8) - (STRAT_mod26.6 - STRAT_mod49.8)","Quartz",0.0341468947157,0.00725293493516999,0.0619506476475986
"100","(STRAT_mod8.4 - STRAT_mod49.8) - (STRAT_mod27.2 - STRAT_mod29.6)","Quartz",0.0602595167956816,0.000441423883454473,0.120661827064057
"101","(STRAT_mod8.4 - STRAT_mod49.8) - (STRAT_mod27.2 - STRAT_mod37.1)","Quartz",0.0388403607471364,-0.0344382696925996,0.106933318417242
"102","(STRAT_mod8.4 - STRAT_mod49.8) - (STRAT_mod27.2 - STRAT_mod49.8)","Quartz",0.0837403770785174,0.0454268596833107,0.126908757236464
"103","(STRAT_mod8.4 - STRAT_mod49.8) - (STRAT_mod29.6 - STRAT_mod37.1)","Quartz",0.023908693621129,-0.0406494342490675,0.0941992179414992
"104","(STRAT_mod8.4 - STRAT_mod49.8) - (STRAT_mod29.6 - STRAT_mod49.8)","Quartz",0.0693879850265138,0.0369934902295879,0.105153313852728
"105","(STRAT_mod8.4 - STRAT_mod49.8) - (STRAT_mod37.1 - STRAT_mod49.8)","Quartz",0.0905670052553351,0.0409523590715559,0.142147529106513
"106","(STRAT_mod25.5 - STRAT_mod26.6) - (STRAT_mod25.5 - STRAT_mod27.2)","Quartz",-0.0496433642240988,-0.0900107380093931,-0.0102110135767548
"107","(STRAT_mod25.5 - STRAT_mod26.6) - (STRAT_mod25.5 - STRAT_mod29.6)","Quartz",-0.0350470026652845,-0.0686321725438366,-0.00186882043504655
"108","(STRAT_mod25.5 - STRAT_mod26.6) - (STRAT_mod25.5 - STRAT_mod37.1)","Quartz",-0.0566323097649917,-0.106899397518753,-0.0063307479835224
"109","(STRAT_mod25.5 - STRAT_mod26.6) - (STRAT_mod25.5 - STRAT_mod49.8)","Quartz",-0.0117051740842111,-0.0495263161064461,0.0284064255166534
"110","(STRAT_mod25.5 - STRAT_mod26.6) - (STRAT_mod26.6 - STRAT_mod27.2)","Quartz",-0.0213979587013917,-0.0764889999286145,0.0302814793327468
"111","(STRAT_mod25.5 - STRAT_mod26.6) - (STRAT_mod26.6 - STRAT_mod29.6)","Quartz",-0.00731073813356531,-0.058251249688186,0.0413170063437032
"112","(STRAT_mod25.5 - STRAT_mod26.6) - (STRAT_mod26.6 - STRAT_mod37.1)","Quartz",-0.0280600835269091,-0.0912730956840258,0.0333207149820254
"113","(STRAT_mod25.5 - STRAT_mod26.6) - (STRAT_mod26.6 - STRAT_mod49.8)","Quartz",0.0162984880094337,-0.0362013233201619,0.0689227498074132
"114","(STRAT_mod25.5 - STRAT_mod26.6) - (STRAT_mod27.2 - STRAT_mod29.6)","Quartz",0.0423267487284993,-0.00971991651524196,0.0929974986462914
"115","(STRAT_mod25.5 - STRAT_mod26.6) - (STRAT_mod27.2 - STRAT_mod37.1)","Quartz",0.0211509988771248,-0.0442714284606778,0.0831868047078492
"116","(STRAT_mod25.5 - STRAT_mod26.6) - (STRAT_mod27.2 - STRAT_mod49.8)","Quartz",0.0664120414835641,0.011275032222728,0.121789151785134
"117","(STRAT_mod25.5 - STRAT_mod26.6) - (STRAT_mod29.6 - STRAT_mod37.1)","Quartz",0.0061097245337125,-0.0525620401793661,0.0658939280359969
"118","(STRAT_mod25.5 - STRAT_mod26.6) - (STRAT_mod29.6 - STRAT_mod49.8)","Quartz",0.0519547543289822,0.000544762575159563,0.100430192316492
"119","(STRAT_mod25.5 - STRAT_mod26.6) - (STRAT_mod37.1 - STRAT_mod49.8)","Quartz",0.073179260056162,0.00783853413247693,0.131921181339687
"120","(STRAT_mod25.5 - STRAT_mod27.2) - (STRAT_mod25.5 - STRAT_mod29.6)","Quartz",0.0141392230557666,-0.0325040270573296,0.0576767520831654
"121","(STRAT_mod25.5 - STRAT_mod27.2) - (STRAT_mod25.5 - STRAT_mod37.1)","Quartz",-0.00718106436724564,-0.0666156645745084,0.0512347855984783
"122","(STRAT_mod25.5 - STRAT_mod27.2) - (STRAT_mod25.5 - STRAT_mod49.8)","Quartz",0.03828883611812,-0.0129944284261891,0.0863367858872284
"123","(STRAT_mod25.5 - STRAT_mod27.2) - (STRAT_mod26.6 - STRAT_mod27.2)","Quartz",0.028079256054905,0.00386321319559313,0.0528056618778496
"124","(STRAT_mod25.5 - STRAT_mod27.2) - (STRAT_mod26.6 - STRAT_mod29.6)","Quartz",0.0423267487284993,-0.00971991651524196,0.0929974986462914
"125","(STRAT_mod25.5 - STRAT_mod27.2) - (STRAT_mod26.6 - STRAT_mod37.1)","Quartz",0.0211509988771248,-0.0442714284606778,0.0831868047078492
"126","(STRAT_mod25.5 - STRAT_mod27.2) - (STRAT_mod26.6 - STRAT_mod49.8)","Quartz",0.0664120414835641,0.011275032222728,0.121789151785134
"127","(STRAT_mod25.5 - STRAT_mod27.2) - (STRAT_mod27.2 - STRAT_mod29.6)","Quartz",0.0919130481133845,0.0165953010077606,0.171761403902376
"128","(STRAT_mod25.5 - STRAT_mod27.2) - (STRAT_mod27.2 - STRAT_mod37.1)","Quartz",0.0707632255776141,-0.0121725742713918,0.162453188693819
"129","(STRAT_mod25.5 - STRAT_mod27.2) - (STRAT_mod27.2 - STRAT_mod49.8)","Quartz",0.115710594895259,0.0367497399359009,0.196605055999885
"130","(STRAT_mod25.5 - STRAT_mod27.2) - (STRAT_mod29.6 - STRAT_mod37.1)","Quartz",0.0565284304358886,-0.0125641815277588,0.122039242141631
"131","(STRAT_mod25.5 - STRAT_mod27.2) - (STRAT_mod29.6 - STRAT_mod49.8)","Quartz",0.10151159373437,0.0448663703714973,0.161489402074496
"132","(STRAT_mod25.5 - STRAT_mod27.2) - (STRAT_mod37.1 - STRAT_mod49.8)","Quartz",0.122872141098566,0.0556944293357415,0.191149354686956
"133","(STRAT_mod25.5 - STRAT_mod29.6) - (STRAT_mod25.5 - STRAT_mod37.1)","Quartz",-0.0219277869785519,-0.0753902769775094,0.0312627171325133
"134","(STRAT_mod25.5 - STRAT_mod29.6) - (STRAT_mod25.5 - STRAT_mod49.8)","Quartz",0.023864892609077,-0.0208114439935847,0.0661518348072825
"135","(STRAT_mod25.5 - STRAT_mod29.6) - (STRAT_mod26.6 - STRAT_mod27.2)","Quartz",0.0137053007724584,-0.040175850849641,0.0623376993067377
"136","(STRAT_mod25.5 - STRAT_mod29.6) - (STRAT_mod26.6 - STRAT_mod29.6)","Quartz",0.028079256054905,0.00386321319559313,0.0528056618778496
"137","(STRAT_mod25.5 - STRAT_mod29.6) - (STRAT_mod26.6 - STRAT_mod37.1)","Quartz",0.0061097245337125,-0.0525620401793661,0.0658939280359969
"138","(STRAT_mod25.5 - STRAT_mod29.6) - (STRAT_mod26.6 - STRAT_mod49.8)","Quartz",0.0519547543289822,0.000544762575159563,0.100430192316492
"139","(STRAT_mod25.5 - STRAT_mod29.6) - (STRAT_mod27.2 - STRAT_mod29.6)","Quartz",0.0777120147133017,0.0396465040705736,0.1174735538186
"140","(STRAT_mod25.5 - STRAT_mod29.6) - (STRAT_mod27.2 - STRAT_mod37.1)","Quartz",0.0565284304358886,-0.0125641815277588,0.122039242141631
"141","(STRAT_mod25.5 - STRAT_mod29.6) - (STRAT_mod27.2 - STRAT_mod49.8)","Quartz",0.10151159373437,0.0448663703714973,0.161489402074496
"142","(STRAT_mod25.5 - STRAT_mod29.6) - (STRAT_mod29.6 - STRAT_mod37.1)","Quartz",0.0411186668394852,-0.0336827647956368,0.114363836401251
"143","(STRAT_mod25.5 - STRAT_mod29.6) - (STRAT_mod29.6 - STRAT_mod49.8)","Quartz",0.0869469512660965,0.0187156830068997,0.152915871972377
"144","(STRAT_mod25.5 - STRAT_mod29.6) - (STRAT_mod37.1 - STRAT_mod49.8)","Quartz",0.10862497591611,0.042680393718435,0.17221111990289
"145","(STRAT_mod25.5 - STRAT_mod37.1) - (STRAT_mod25.5 - STRAT_mod49.8)","Quartz",0.0452115673870963,-0.0097953380638689,0.105180325200741
"146","(STRAT_mod25.5 - STRAT_mod37.1) - (STRAT_mod26.6 - STRAT_mod27.2)","Quartz",0.034850631533337,-0.0256228732914532,0.100197804550472
"147","(STRAT_mod25.5 - STRAT_mod37.1) - (STRAT_mod26.6 - STRAT_mod29.6)","Quartz",0.0500128111077762,-0.0090449426517436,0.108712099988926
"148","(STRAT_mod25.5 - STRAT_mod37.1) - (STRAT_mod26.6 - STRAT_mod37.1)","Quartz",0.028079256054905,0.00386321319559313,0.0528056618778496
"149","(STRAT_mod25.5 - STRAT_mod37.1) - (STRAT_mod26.6 - STRAT_mod49.8)","Quartz",0.073179260056162,0.00783853413247693,0.131921181339687
"150","(STRAT_mod25.5 - STRAT_mod37.1) - (STRAT_mod27.2 - STRAT_mod29.6)","Quartz",0.0997411832149586,0.0321665883567324,0.161585569822886
"151","(STRAT_mod25.5 - STRAT_mod37.1) - (STRAT_mod27.2 - STRAT_mod37.1)","Quartz",0.0777120147133017,0.0396465040705736,0.1174735538186
"152","(STRAT_mod25.5 - STRAT_mod37.1) - (STRAT_mod27.2 - STRAT_mod49.8)","Quartz",0.122872141098566,0.0556944293357415,0.191149354686956
"153","(STRAT_mod25.5 - STRAT_mod37.1) - (STRAT_mod29.6 - STRAT_mod37.1)","Quartz",0.0634387988979481,0.0322490328357192,0.0954072092116514
"154","(STRAT_mod25.5 - STRAT_mod37.1) - (STRAT_mod29.6 - STRAT_mod49.8)","Quartz",0.10862497591611,0.042680393718435,0.17221111990289
"155","(STRAT_mod25.5 - STRAT_mod37.1) - (STRAT_mod37.1 - STRAT_mod49.8)","Quartz",0.13025496998791,0.0301259974033821,0.229068923213903
"156","(STRAT_mod25.5 - STRAT_mod49.8) - (STRAT_mod26.6 - STRAT_mod27.2)","Quartz",-0.0107515521580359,-0.0624422085367442,0.047485033008047
"157","(STRAT_mod25.5 - STRAT_mod49.8) - (STRAT_mod26.6 - STRAT_mod29.6)","Quartz",0.00437479749943304,-0.0453467544137665,0.0562680594598075
"158","(STRAT_mod25.5 - STRAT_mod49.8) - (STRAT_mod26.6 - STRAT_mod37.1)","Quartz",-0.016895370937553,-0.0765259254072514,0.0498075361360817
"159","(STRAT_mod25.5 - STRAT_mod49.8) - (STRAT_mod26.6 - STRAT_mod49.8)","Quartz",0.028079256054905,0.00386321319559313,0.0528056618778496
"160","(STRAT_mod25.5 - STRAT_mod49.8) - (STRAT_mod27.2 - STRAT_mod29.6)","Quartz",0.0542428635735603,-0.00659154234511439,0.111928404840756
"161","(STRAT_mod25.5 - STRAT_mod49.8) - (STRAT_mod27.2 - STRAT_mod37.1)","Quartz",0.0329100125874162,-0.0393702491538788,0.101735989885487
"162","(STRAT_mod25.5 - STRAT_mod49.8) - (STRAT_mod27.2 - STRAT_mod49.8)","Quartz",0.0777120147133017,0.0396465040705736,0.1174735538186
"163","(STRAT_mod25.5 - STRAT_mod49.8) - (STRAT_mod29.6 - STRAT_mod37.1)","Quartz",0.0182232958795456,-0.0499644158546269,0.0834668762758941
"164","(STRAT_mod25.5 - STRAT_mod49.8) - (STRAT_mod29.6 - STRAT_mod49.8)","Quartz",0.0634387988979481,0.0322490328357192,0.0954072092116514
"165","(STRAT_mod25.5 - STRAT_mod49.8) - (STRAT_mod37.1 - STRAT_mod49.8)","Quartz",0.0845597660901969,0.039280877035289,0.135802588878953
"166","(STRAT_mod26.6 - STRAT_mod27.2) - (STRAT_mod26.6 - STRAT_mod29.6)","Quartz",0.0141392230557666,-0.0325040270573296,0.0576767520831654
"167","(STRAT_mod26.6 - STRAT_mod27.2) - (STRAT_mod26.6 - STRAT_mod37.1)","Quartz",-0.00718106436724564,-0.0666156645745084,0.0512347855984783
"168","(STRAT_mod26.6 - STRAT_mod27.2) - (STRAT_mod26.6 - STRAT_mod49.8)","Quartz",0.03828883611812,-0.0129944284261891,0.0863367858872284
"169","(STRAT_mod26.6 - STRAT_mod27.2) - (STRAT_mod27.2 - STRAT_mod29.6)","Quartz",0.0642663295288206,-0.0105403630582699,0.144859640523859
"170","(STRAT_mod26.6 - STRAT_mod27.2) - (STRAT_mod27.2 - STRAT_mod37.1)","Quartz",0.0421340542517619,-0.0408179999866776,0.134005417618924
"171","(STRAT_mod26.6 - STRAT_mod27.2) - (STRAT_mod27.2 - STRAT_mod49.8)","Quartz",0.0878773490107656,0.00327595859358976,0.163994175249092
"172","(STRAT_mod26.6 - STRAT_mod27.2) - (STRAT_mod29.6 - STRAT_mod37.1)","Quartz",0.028120167416068,-0.038813863267638,0.0960187403270263
"173","(STRAT_mod26.6 - STRAT_mod27.2) - (STRAT_mod29.6 - STRAT_mod49.8)","Quartz",0.0741622817273959,0.0102669204433594,0.12900436100655
"174","(STRAT_mod26.6 - STRAT_mod27.2) - (STRAT_mod37.1 - STRAT_mod49.8)","Quartz",0.0942436808558031,0.0227363702416019,0.160936202859465
"175","(STRAT_mod26.6 - STRAT_mod29.6) - (STRAT_mod26.6 - STRAT_mod37.1)","Quartz",-0.0219277869785519,-0.0753902769775094,0.0312627171325133
"176","(STRAT_mod26.6 - STRAT_mod29.6) - (STRAT_mod26.6 - STRAT_mod49.8)","Quartz",0.023864892609077,-0.0208114439935847,0.0661518348072825
"177","(STRAT_mod26.6 - STRAT_mod29.6) - (STRAT_mod27.2 - STRAT_mod29.6)","Quartz",0.0496433642240988,0.0102110135767548,0.0900107380093931
"178","(STRAT_mod26.6 - STRAT_mod29.6) - (STRAT_mod27.2 - STRAT_mod37.1)","Quartz",0.028120167416068,-0.038813863267638,0.0960187403270263
"179","(STRAT_mod26.6 - STRAT_mod29.6) - (STRAT_mod27.2 - STRAT_mod49.8)","Quartz",0.0741622817273959,0.0102669204433594,0.12900436100655
"180","(STRAT_mod26.6 - STRAT_mod29.6) - (STRAT_mod29.6 - STRAT_mod37.1)","Quartz",0.0127489619152281,-0.0622733755578384,0.0861560841015367
"181","(STRAT_mod26.6 - STRAT_mod29.6) - (STRAT_mod29.6 - STRAT_mod49.8)","Quartz",0.0590147744141269,-0.00761802128748679,0.126365282213977
"182","(STRAT_mod26.6 - STRAT_mod29.6) - (STRAT_mod37.1 - STRAT_mod49.8)","Quartz",0.080474599484601,0.0117067164823186,0.145562916072666
"183","(STRAT_mod26.6 - STRAT_mod37.1) - (STRAT_mod26.6 - STRAT_mod49.8)","Quartz",0.0452115673870963,-0.0097953380638689,0.105180325200741
"184","(STRAT_mod26.6 - STRAT_mod37.1) - (STRAT_mod27.2 - STRAT_mod29.6)","Quartz",0.0709507521722068,0.00316609375096411,0.136024408715182
"185","(STRAT_mod26.6 - STRAT_mod37.1) - (STRAT_mod27.2 - STRAT_mod37.1)","Quartz",0.0496433642240988,0.0102110135767548,0.0900107380093931
"186","(STRAT_mod26.6 - STRAT_mod37.1) - (STRAT_mod27.2 - STRAT_mod49.8)","Quartz",0.0942436808558031,0.0227363702416019,0.160936202859465
"187","(STRAT_mod26.6 - STRAT_mod37.1) - (STRAT_mod29.6 - STRAT_mod37.1)","Quartz",0.0350470026652845,0.00186882043504655,0.0686321725438366
"188","(STRAT_mod26.6 - STRAT_mod37.1) - (STRAT_mod29.6 - STRAT_mod49.8)","Quartz",0.080474599484601,0.0117067164823186,0.145562916072666
"189","(STRAT_mod26.6 - STRAT_mod37.1) - (STRAT_mod37.1 - STRAT_mod49.8)","Quartz",0.101883487962993,-0.00083678044159452,0.200672160526596
"190","(STRAT_mod26.6 - STRAT_mod49.8) - (STRAT_mod27.2 - STRAT_mod29.6)","Quartz",0.0260797518331772,-0.029159490720533,0.0900318597724286
"191","(STRAT_mod26.6 - STRAT_mod49.8) - (STRAT_mod27.2 - STRAT_mod37.1)","Quartz",0.00508671677526773,-0.0665595276618953,0.0751846217521819
"192","(STRAT_mod26.6 - STRAT_mod49.8) - (STRAT_mod27.2 - STRAT_mod49.8)","Quartz",0.0496433642240988,0.0102110135767548,0.0900107380093931
"193","(STRAT_mod26.6 - STRAT_mod49.8) - (STRAT_mod29.6 - STRAT_mod37.1)","Quartz",-0.00973182875032963,-0.0782641244185358,0.0560344996945785
"194","(STRAT_mod26.6 - STRAT_mod49.8) - (STRAT_mod29.6 - STRAT_mod49.8)","Quartz",0.0350470026652845,0.00186882043504655,0.0686321725438366
"195","(STRAT_mod26.6 - STRAT_mod49.8) - (STRAT_mod37.1 - STRAT_mod49.8)","Quartz",0.0566323097649917,0.0063307479835224,0.106899397518753
"196","(STRAT_mod27.2 - STRAT_mod29.6) - (STRAT_mod27.2 - STRAT_mod37.1)","Quartz",-0.0219277869785519,-0.0753902769775094,0.0312627171325133
"197","(STRAT_mod27.2 - STRAT_mod29.6) - (STRAT_mod27.2 - STRAT_mod49.8)","Quartz",0.023864892609077,-0.0208114439935847,0.0661518348072825
"198","(STRAT_mod27.2 - STRAT_mod29.6) - (STRAT_mod29.6 - STRAT_mod37.1)","Quartz",-0.0364902749901559,-0.11384713611388,0.0446802771250323
"199","(STRAT_mod27.2 - STRAT_mod29.6) - (STRAT_mod29.6 - STRAT_mod49.8)","Quartz",0.00918858754014695,-0.0633862395629969,0.0838801439268826
"200","(STRAT_mod27.2 - STRAT_mod29.6) - (STRAT_mod37.1 - STRAT_mod49.8)","Quartz",0.0305095760716616,-0.0418986357654698,0.104966969021306
"201","(STRAT_mod27.2 - STRAT_mod37.1) - (STRAT_mod27.2 - STRAT_mod49.8)","Quartz",0.0452115673870963,-0.0097953380638689,0.105180325200741
"202","(STRAT_mod27.2 - STRAT_mod37.1) - (STRAT_mod29.6 - STRAT_mod37.1)","Quartz",-0.0141392230557666,-0.0576767520831654,0.0325040270573296
"203","(STRAT_mod27.2 - STRAT_mod37.1) - (STRAT_mod29.6 - STRAT_mod49.8)","Quartz",0.0305095760716616,-0.0418986357654698,0.104966969021306
"204","(STRAT_mod27.2 - STRAT_mod37.1) - (STRAT_mod37.1 - STRAT_mod49.8)","Quartz",0.0516095012059077,-0.0544597120665236,0.157956858094297
"205","(STRAT_mod27.2 - STRAT_mod49.8) - (STRAT_mod29.6 - STRAT_mod37.1)","Quartz",-0.0600697253207469,-0.13373579178023,0.0114583324404514
"206","(STRAT_mod27.2 - STRAT_mod49.8) - (STRAT_mod29.6 - STRAT_mod49.8)","Quartz",-0.0141392230557666,-0.0576767520831654,0.0325040270573296
"207","(STRAT_mod27.2 - STRAT_mod49.8) - (STRAT_mod37.1 - STRAT_mod49.8)","Quartz",0.00718106436724564,-0.0512347855984783,0.0666156645745084
"208","(STRAT_mod29.6 - STRAT_mod37.1) - (STRAT_mod29.6 - STRAT_mod49.8)","Quartz",0.0452115673870963,-0.0097953380638689,0.105180325200741
"209","(STRAT_mod29.6 - STRAT_mod37.1) - (STRAT_mod37.1 - STRAT_mod49.8)","Quartz",0.0666469190454113,-0.0349870018391929,0.170887015742765
"210","(STRAT_mod29.6 - STRAT_mod49.8) - (STRAT_mod37.1 - STRAT_mod49.8)","Quartz",0.0219277869785519,-0.0312627171325133,0.0753902769775094
"211","(STRAT_mod8.4 - STRAT_mod25.5) - (STRAT_mod8.4 - STRAT_mod26.6)","Quartzite",-0.0116506282401676,-0.0678051468785981,0.0389460115187363
"212","(STRAT_mod8.4 - STRAT_mod25.5) - (STRAT_mod8.4 - STRAT_mod27.2)","Quartzite",-0.0832946244111989,-0.14258543207452,-0.0250737638379994
"213","(STRAT_mod8.4 - STRAT_mod25.5) - (STRAT_mod8.4 - STRAT_mod29.6)","Quartzite",-0.094585175561599,-0.148931470665528,-0.0430173243181735
"214","(STRAT_mod8.4 - STRAT_mod25.5) - (STRAT_mod8.4 - STRAT_mod37.1)","Quartzite",-0.102140671354648,-0.159551441810823,-0.0451103844626108
"215","(STRAT_mod8.4 - STRAT_mod25.5) - (STRAT_mod8.4 - STRAT_mod49.8)","Quartzite",-0.0474579355092655,-0.11409625458214,0.0220139929056771
"216","(STRAT_mod8.4 - STRAT_mod25.5) - (STRAT_mod25.5 - STRAT_mod26.6)","Quartzite",-0.0156449582687588,-0.108703249982018,0.0824771130397104
"217","(STRAT_mod8.4 - STRAT_mod25.5) - (STRAT_mod25.5 - STRAT_mod27.2)","Quartzite",-0.08593165009034,-0.186349055979998,0.0111102106562209
"218","(STRAT_mod8.4 - STRAT_mod25.5) - (STRAT_mod25.5 - STRAT_mod29.6)","Quartzite",-0.0976406470851863,-0.197069802280439,-0.00599799754795427
"219","(STRAT_mod8.4 - STRAT_mod25.5) - (STRAT_mod25.5 - STRAT_mod37.1)","Quartzite",-0.104896318564584,-0.200734034607148,-0.00546282974314716
"220","(STRAT_mod8.4 - STRAT_mod25.5) - (STRAT_mod25.5 - STRAT_mod49.8)","Quartzite",-0.0510377770742707,-0.152121811609971,0.0591027800021462
"221","(STRAT_mod8.4 - STRAT_mod25.5) - (STRAT_mod26.6 - STRAT_mod27.2)","Quartzite",-0.0753969706074014,-0.156785413063605,0.00355160816700062
"222","(STRAT_mod8.4 - STRAT_mod25.5) - (STRAT_mod26.6 - STRAT_mod29.6)","Quartzite",-0.0860661453716078,-0.163999167217098,-0.0110692412669304
"223","(STRAT_mod8.4 - STRAT_mod25.5) - (STRAT_mod26.6 - STRAT_mod37.1)","Quartzite",-0.0943511321352359,-0.172333738657382,-0.0157281682629309
"224","(STRAT_mod8.4 - STRAT_mod25.5) - (STRAT_mod26.6 - STRAT_mod49.8)","Quartzite",-0.0390356040151973,-0.125466672914344,0.0504643030393748
"225","(STRAT_mod8.4 - STRAT_mod25.5) - (STRAT_mod27.2 - STRAT_mod29.6)","Quartzite",-0.0161681606019588,-0.0928374517856634,0.0684833015768467
"226","(STRAT_mod8.4 - STRAT_mod25.5) - (STRAT_mod27.2 - STRAT_mod37.1)","Quartzite",-0.0232404821350298,-0.103194247183909,0.060569505500125
"227","(STRAT_mod8.4 - STRAT_mod25.5) - (STRAT_mod27.2 - STRAT_mod49.8)","Quartzite",0.0316340286409342,-0.0547223942373898,0.125940885248121
"228","(STRAT_mod8.4 - STRAT_mod25.5) - (STRAT_mod29.6 - STRAT_mod37.1)","Quartzite",-0.0106869489636205,-0.0855413140183154,0.0704848236758902
"229","(STRAT_mod8.4 - STRAT_mod25.5) - (STRAT_mod29.6 - STRAT_mod49.8)","Quartzite",0.0436393538990389,-0.0438952592090405,0.125796933626995
"230","(STRAT_mod8.4 - STRAT_mod25.5) - (STRAT_mod37.1 - STRAT_mod49.8)","Quartzite",0.0507080116970646,-0.0366046354762566,0.140003540357556
"231","(STRAT_mod8.4 - STRAT_mod26.6) - (STRAT_mod8.4 - STRAT_mod27.2)","Quartzite",-0.0718600380317957,-0.128707171164616,-0.0150515991950786
"232","(STRAT_mod8.4 - STRAT_mod26.6) - (STRAT_mod8.4 - STRAT_mod29.6)","Quartzite",-0.0831368667446022,-0.135803285047649,-0.0341652688285494
"233","(STRAT_mod8.4 - STRAT_mod26.6) - (STRAT_mod8.4 - STRAT_mod37.1)","Quartzite",-0.0903682188567461,-0.145765945310067,-0.0354963427448336
"234","(STRAT_mod8.4 - STRAT_mod26.6) - (STRAT_mod8.4 - STRAT_mod49.8)","Quartzite",-0.0363778334491294,-0.104570202562912,0.0262687887829287
"235","(STRAT_mod8.4 - STRAT_mod26.6) - (STRAT_mod25.5 - STRAT_mod26.6)","Quartzite",-0.00352508329384205,-0.0574999862623198,0.0548662361390408
"236","(STRAT_mod8.4 - STRAT_mod26.6) - (STRAT_mod25.5 - STRAT_mod27.2)","Quartzite",-0.0753969706074014,-0.156785413063605,0.00355160816700062
"237","(STRAT_mod8.4 - STRAT_mod26.6) - (STRAT_mod25.5 - STRAT_mod29.6)","Quartzite",-0.0860661453716078,-0.163999167217098,-0.0110692412669304
"238","(STRAT_mod8.4 - STRAT_mod26.6) - (STRAT_mod25.5 - STRAT_mod37.1)","Quartzite",-0.0943511321352359,-0.172333738657382,-0.0157281682629309
"239","(STRAT_mod8.4 - STRAT_mod26.6) - (STRAT_mod25.5 - STRAT_mod49.8)","Quartzite",-0.0390356040151973,-0.125466672914344,0.0504643030393748
"240","(STRAT_mod8.4 - STRAT_mod26.6) - (STRAT_mod26.6 - STRAT_mod27.2)","Quartzite",-0.0637708727427999,-0.156028048570211,0.0313435366430417
"241","(STRAT_mod8.4 - STRAT_mod26.6) - (STRAT_mod26.6 - STRAT_mod29.6)","Quartzite",-0.0750917742422024,-0.168614435874851,0.0120974887489398
"242","(STRAT_mod8.4 - STRAT_mod26.6) - (STRAT_mod26.6 - STRAT_mod37.1)","Quartzite",-0.0819693939455264,-0.178132683455011,0.00895497605824991
"243","(STRAT_mod8.4 - STRAT_mod26.6) - (STRAT_mod26.6 - STRAT_mod49.8)","Quartzite",-0.0283529886611706,-0.130377902428452,0.0679334091537833
"244","(STRAT_mod8.4 - STRAT_mod26.6) - (STRAT_mod27.2 - STRAT_mod29.6)","Quartzite",-0.00348466874074771,-0.08121499327985,0.0737726312342777
"245","(STRAT_mod8.4 - STRAT_mod26.6) - (STRAT_mod27.2 - STRAT_mod37.1)","Quartzite",-0.0106059831837357,-0.093031672807419,0.0683520643114548
"246","(STRAT_mod8.4 - STRAT_mod26.6) - (STRAT_mod27.2 - STRAT_mod49.8)","Quartzite",0.0435316109668706,-0.0417513881040441,0.132349797139273
"247","(STRAT_mod8.4 - STRAT_mod26.6) - (STRAT_mod29.6 - STRAT_mod37.1)","Quartzite",0.00101151290420476,-0.0777658754513886,0.0752286147203605
"248","(STRAT_mod8.4 - STRAT_mod26.6) - (STRAT_mod29.6 - STRAT_mod49.8)","Quartzite",0.0548385964526388,-0.0272952137958207,0.1385799709595
"249","(STRAT_mod8.4 - STRAT_mod26.6) - (STRAT_mod37.1 - STRAT_mod49.8)","Quartzite",0.0622680097316191,-0.0261332604422098,0.147131474270579
"250","(STRAT_mod8.4 - STRAT_mod27.2) - (STRAT_mod8.4 - STRAT_mod29.6)","Quartzite",-0.0115953314282744,-0.0679477544826037,0.0451947324729316
"251","(STRAT_mod8.4 - STRAT_mod27.2) - (STRAT_mod8.4 - STRAT_mod37.1)","Quartzite",-0.0191813750842191,-0.0754170485550225,0.0448476919477034
"252","(STRAT_mod8.4 - STRAT_mod27.2) - (STRAT_mod8.4 - STRAT_mod49.8)","Quartzite",0.0352283979771515,-0.0338419585270295,0.107135816743876
"253","(STRAT_mod8.4 - STRAT_mod27.2) - (STRAT_mod25.5 - STRAT_mod26.6)","Quartzite",0.0673052973739994,-0.00982550687689487,0.148824649796752
"254","(STRAT_mod8.4 - STRAT_mod27.2) - (STRAT_mod25.5 - STRAT_mod27.2)","Quartzite",-0.00352508329384205,-0.0574999862623198,0.0548662361390408
"255","(STRAT_mod8.4 - STRAT_mod27.2) - (STRAT_mod25.5 - STRAT_mod29.6)","Quartzite",-0.0161681606019588,-0.0928374517856634,0.0684833015768467
"256","(STRAT_mod8.4 - STRAT_mod27.2) - (STRAT_mod25.5 - STRAT_mod37.1)","Quartzite",-0.0232404821350298,-0.103194247183909,0.060569505500125
"257","(STRAT_mod8.4 - STRAT_mod27.2) - (STRAT_mod25.5 - STRAT_mod49.8)","Quartzite",0.0316340286409342,-0.0547223942373898,0.125940885248121
"258","(STRAT_mod8.4 - STRAT_mod27.2) - (STRAT_mod26.6 - STRAT_mod27.2)","Quartzite",0.0082684523045522,-0.043542714203777,0.0639048118859455
"259","(STRAT_mod8.4 - STRAT_mod27.2) - (STRAT_mod26.6 - STRAT_mod29.6)","Quartzite",-0.00348466874074771,-0.08121499327985,0.0737726312342777
"260","(STRAT_mod8.4 - STRAT_mod27.2) - (STRAT_mod26.6 - STRAT_mod37.1)","Quartzite",-0.0106059831837357,-0.093031672807419,0.0683520643114548
"261","(STRAT_mod8.4 - STRAT_mod27.2) - (STRAT_mod26.6 - STRAT_mod49.8)","Quartzite",0.0435316109668706,-0.0417513881040441,0.132349797139273
"262","(STRAT_mod8.4 - STRAT_mod27.2) - (STRAT_mod27.2 - STRAT_mod29.6)","Quartzite",0.0678827603879861,-0.0315623978227433,0.17427318451201
"263","(STRAT_mod8.4 - STRAT_mod27.2) - (STRAT_mod27.2 - STRAT_mod37.1)","Quartzite",0.0599443944927089,-0.041406496081605,0.166897213090352
"264","(STRAT_mod8.4 - STRAT_mod27.2) - (STRAT_mod27.2 - STRAT_mod49.8)","Quartzite",0.113849752284051,0.002749960752221,0.220800800480872
"265","(STRAT_mod8.4 - STRAT_mod27.2) - (STRAT_mod29.6 - STRAT_mod37.1)","Quartzite",0.0718917137856372,-0.00419876833594968,0.15507366777426
"266","(STRAT_mod8.4 - STRAT_mod27.2) - (STRAT_mod29.6 - STRAT_mod49.8)","Quartzite",0.127143224073907,0.0410850380687573,0.212972021726824
"267","(STRAT_mod8.4 - STRAT_mod27.2) - (STRAT_mod37.1 - STRAT_mod49.8)","Quartzite",0.133583397846763,0.0443952634873388,0.224124130724177
"268","(STRAT_mod8.4 - STRAT_mod29.6) - (STRAT_mod8.4 - STRAT_mod37.1)","Quartzite",-0.00683736857013129,-0.0595216323295844,0.0491776492336569
"269","(STRAT_mod8.4 - STRAT_mod29.6) - (STRAT_mod8.4 - STRAT_mod49.8)","Quartzite",0.0467457121634081,-0.0185272628474067,0.1098558811254
"270","(STRAT_mod8.4 - STRAT_mod29.6) - (STRAT_mod25.5 - STRAT_mod26.6)","Quartzite",0.0795458454905582,0.00738041806930712,0.154710626059199
"271","(STRAT_mod8.4 - STRAT_mod29.6) - (STRAT_mod25.5 - STRAT_mod27.2)","Quartzite",0.00890583334157724,-0.0662992871501098,0.0918790394421336
"272","(STRAT_mod8.4 - STRAT_mod29.6) - (STRAT_mod25.5 - STRAT_mod29.6)","Quartzite",-0.00352508329384205,-0.0574999862623198,0.0548662361390408
"273","(STRAT_mod8.4 - STRAT_mod29.6) - (STRAT_mod25.5 - STRAT_mod37.1)","Quartzite",-0.0106869489636205,-0.0855413140183154,0.0704848236758902
"274","(STRAT_mod8.4 - STRAT_mod29.6) - (STRAT_mod25.5 - STRAT_mod49.8)","Quartzite",0.0436393538990389,-0.0438952592090405,0.125796933626995
"275","(STRAT_mod8.4 - STRAT_mod29.6) - (STRAT_mod26.6 - STRAT_mod27.2)","Quartzite",0.0196121284121831,-0.0569922905973943,0.0977605936351633
"276","(STRAT_mod8.4 - STRAT_mod29.6) - (STRAT_mod26.6 - STRAT_mod29.6)","Quartzite",0.0082684523045522,-0.043542714203777,0.0639048118859455
"277","(STRAT_mod8.4 - STRAT_mod29.6) - (STRAT_mod26.6 - STRAT_mod37.1)","Quartzite",0.00101151290420476,-0.0777658754513886,0.0752286147203605
"278","(STRAT_mod8.4 - STRAT_mod29.6) - (STRAT_mod26.6 - STRAT_mod49.8)","Quartzite",0.0548385964526388,-0.0272952137958207,0.1385799709595
"279","(STRAT_mod8.4 - STRAT_mod29.6) - (STRAT_mod27.2 - STRAT_mod29.6)","Quartzite",0.0789164108218032,0.0190961576169153,0.136152283223602
"280","(STRAT_mod8.4 - STRAT_mod29.6) - (STRAT_mod27.2 - STRAT_mod37.1)","Quartzite",0.0718917137856372,-0.00419876833594968,0.15507366777426
"281","(STRAT_mod8.4 - STRAT_mod29.6) - (STRAT_mod27.2 - STRAT_mod49.8)","Quartzite",0.127143224073907,0.0410850380687573,0.212972021726824
"282","(STRAT_mod8.4 - STRAT_mod29.6) - (STRAT_mod29.6 - STRAT_mod37.1)","Quartzite",0.0845612594398462,-0.00331771648792989,0.175860911369327
"283","(STRAT_mod8.4 - STRAT_mod29.6) - (STRAT_mod29.6 - STRAT_mod49.8)","Quartzite",0.138423269320093,0.0420321449007979,0.232785014842373
"284","(STRAT_mod8.4 - STRAT_mod29.6) - (STRAT_mod37.1 - STRAT_mod49.8)","Quartzite",0.145987544083511,0.0623171850752362,0.233007848239048
"285","(STRAT_mod8.4 - STRAT_mod37.1) - (STRAT_mod8.4 - STRAT_mod49.8)","Quartzite",0.054743530911606,-0.0132119505895707,0.123330658416865
"286","(STRAT_mod8.4 - STRAT_mod37.1) - (STRAT_mod25.5 - STRAT_mod26.6)","Quartzite",0.087243718273013,0.0109129672867154,0.165937455162784
"287","(STRAT_mod8.4 - STRAT_mod37.1) - (STRAT_mod25.5 - STRAT_mod27.2)","Quartzite",0.0157463655508223,-0.0659382843847043,0.0978242115928665
"288","(STRAT_mod8.4 - STRAT_mod37.1) - (STRAT_mod25.5 - STRAT_mod29.6)","Quartzite",0.00365169249211661,-0.0770818788048167,0.0809983392931177
"289","(STRAT_mod8.4 - STRAT_mod37.1) - (STRAT_mod25.5 - STRAT_mod37.1)","Quartzite",-0.00352508329384205,-0.0574999862623198,0.0548662361390408
"290","(STRAT_mod8.4 - STRAT_mod37.1) - (STRAT_mod25.5 - STRAT_mod49.8)","Quartzite",0.0507080116970646,-0.0366046354762566,0.140003540357556
"291","(STRAT_mod8.4 - STRAT_mod37.1) - (STRAT_mod26.6 - STRAT_mod27.2)","Quartzite",0.0265053740506336,-0.0537943197342932,0.105923695471533
"292","(STRAT_mod8.4 - STRAT_mod37.1) - (STRAT_mod26.6 - STRAT_mod29.6)","Quartzite",0.0155548669267214,-0.0633657382705577,0.0900314473016168
"293","(STRAT_mod8.4 - STRAT_mod37.1) - (STRAT_mod26.6 - STRAT_mod37.1)","Quartzite",0.0082684523045522,-0.043542714203777,0.0639048118859455
"294","(STRAT_mod8.4 - STRAT_mod37.1) - (STRAT_mod26.6 - STRAT_mod49.8)","Quartzite",0.0622680097316191,-0.0261332604422098,0.147131474270579
"295","(STRAT_mod8.4 - STRAT_mod37.1) - (STRAT_mod27.2 - STRAT_mod29.6)","Quartzite",0.0870598305108494,0.00791067240986498,0.168295808324816
"296","(STRAT_mod8.4 - STRAT_mod37.1) - (STRAT_mod27.2 - STRAT_mod37.1)","Quartzite",0.0789164108218032,0.0190961576169153,0.136152283223602
"297","(STRAT_mod8.4 - STRAT_mod37.1) - (STRAT_mod27.2 - STRAT_mod49.8)","Quartzite",0.133583397846763,0.0443952634873388,0.224124130724177
"298","(STRAT_mod8.4 - STRAT_mod37.1) - (STRAT_mod29.6 - STRAT_mod37.1)","Quartzite",0.0919014781221532,0.0402002529674443,0.142042106560603
"299","(STRAT_mod8.4 - STRAT_mod37.1) - (STRAT_mod29.6 - STRAT_mod49.8)","Quartzite",0.145987544083511,0.0623171850752362,0.233007848239048
"300","(STRAT_mod8.4 - STRAT_mod37.1) - (STRAT_mod37.1 - STRAT_mod49.8)","Quartzite",0.152256676579958,0.0469580331468653,0.257405612475175
"301","(STRAT_mod8.4 - STRAT_mod49.8) - (STRAT_mod25.5 - STRAT_mod26.6)","Quartzite",0.0317886986403035,-0.0499807924091122,0.119000693212038
"302","(STRAT_mod8.4 - STRAT_mod49.8) - (STRAT_mod25.5 - STRAT_mod27.2)","Quartzite",-0.0391914650457887,-0.131371642671317,0.0476075313695001
"303","(STRAT_mod8.4 - STRAT_mod49.8) - (STRAT_mod25.5 - STRAT_mod29.6)","Quartzite",-0.0517139173900749,-0.135731464967637,0.0352980577406452
"304","(STRAT_mod8.4 - STRAT_mod49.8) - (STRAT_mod25.5 - STRAT_mod37.1)","Quartzite",-0.05875644771466,-0.150989749857119,0.0250338152426761
"305","(STRAT_mod8.4 - STRAT_mod49.8) - (STRAT_mod25.5 - STRAT_mod49.8)","Quartzite",-0.00352508329384205,-0.0574999862623198,0.0548662361390408
"306","(STRAT_mod8.4 - STRAT_mod49.8) - (STRAT_mod26.6 - STRAT_mod27.2)","Quartzite",-0.0277141817091964,-0.120016640957384,0.0562372704651732
"307","(STRAT_mod8.4 - STRAT_mod49.8) - (STRAT_mod26.6 - STRAT_mod29.6)","Quartzite",-0.0394149632750496,-0.118822906825376,0.0486941028286423
"308","(STRAT_mod8.4 - STRAT_mod49.8) - (STRAT_mod26.6 - STRAT_mod37.1)","Quartzite",-0.0463722580507746,-0.133072993525642,0.0403478741835448
"309","(STRAT_mod8.4 - STRAT_mod49.8) - (STRAT_mod26.6 - STRAT_mod49.8)","Quartzite",0.0082684523045522,-0.043542714203777,0.0639048118859455
"310","(STRAT_mod8.4 - STRAT_mod49.8) - (STRAT_mod27.2 - STRAT_mod29.6)","Quartzite",0.0318238462950724,-0.0572695070367795,0.115660457470929
"311","(STRAT_mod8.4 - STRAT_mod49.8) - (STRAT_mod27.2 - STRAT_mod37.1)","Quartzite",0.0252339352554063,-0.0629355430654392,0.115493766580901
"312","(STRAT_mod8.4 - STRAT_mod49.8) - (STRAT_mod27.2 - STRAT_mod49.8)","Quartzite",0.0789164108218032,0.0190961576169153,0.136152283223602
"313","(STRAT_mod8.4 - STRAT_mod49.8) - (STRAT_mod29.6 - STRAT_mod37.1)","Quartzite",0.0372526638671113,-0.0510073602373322,0.118966693177399
"314","(STRAT_mod8.4 - STRAT_mod49.8) - (STRAT_mod29.6 - STRAT_mod49.8)","Quartzite",0.0919014781221532,0.0402002529674443,0.142042106560603
"315","(STRAT_mod8.4 - STRAT_mod49.8) - (STRAT_mod37.1 - STRAT_mod49.8)","Quartzite",0.0982864727995225,0.0420164341276306,0.154925883805663
"316","(STRAT_mod25.5 - STRAT_mod26.6) - (STRAT_mod25.5 - STRAT_mod27.2)","Quartzite",-0.0718600380317957,-0.128707171164616,-0.0150515991950786
"317","(STRAT_mod25.5 - STRAT_mod26.6) - (STRAT_mod25.5 - STRAT_mod29.6)","Quartzite",-0.0831368667446022,-0.135803285047649,-0.0341652688285494
"318","(STRAT_mod25.5 - STRAT_mod26.6) - (STRAT_mod25.5 - STRAT_mod37.1)","Quartzite",-0.0903682188567461,-0.145765945310067,-0.0354963427448336
"319","(STRAT_mod25.5 - STRAT_mod26.6) - (STRAT_mod25.5 - STRAT_mod49.8)","Quartzite",-0.0363778334491294,-0.104570202562912,0.0262687887829287
"320","(STRAT_mod25.5 - STRAT_mod26.6) - (STRAT_mod26.6 - STRAT_mod27.2)","Quartzite",-0.0597690984658572,-0.152855178789056,0.0317719975555719
"321","(STRAT_mod25.5 - STRAT_mod26.6) - (STRAT_mod26.6 - STRAT_mod29.6)","Quartzite",-0.0716798774840133,-0.165019429552502,0.0151055400295066
"322","(STRAT_mod25.5 - STRAT_mod26.6) - (STRAT_mod26.6 - STRAT_mod37.1)","Quartzite",-0.0788051328851225,-0.172015441647262,0.0126438351790936
"323","(STRAT_mod25.5 - STRAT_mod26.6) - (STRAT_mod26.6 - STRAT_mod49.8)","Quartzite",-0.0232240012088234,-0.120004256965432,0.0752063396105394
"324","(STRAT_mod25.5 - STRAT_mod26.6) - (STRAT_mod27.2 - STRAT_mod29.6)","Quartzite",-0.000594117399512983,-0.0777979793279671,0.0766063289480154
"325","(STRAT_mod25.5 - STRAT_mod26.6) - (STRAT_mod27.2 - STRAT_mod37.1)","Quartzite",-0.00716907620862228,-0.0868713026509265,0.0722906996583914
"326","(STRAT_mod25.5 - STRAT_mod26.6) - (STRAT_mod27.2 - STRAT_mod49.8)","Quartzite",0.0479987019428938,-0.0389307129789245,0.135268001433571
"327","(STRAT_mod25.5 - STRAT_mod26.6) - (STRAT_mod29.6 - STRAT_mod37.1)","Quartzite",0.0042383660713563,-0.0709906294738687,0.0817820434047052
"328","(STRAT_mod25.5 - STRAT_mod26.6) - (STRAT_mod29.6 - STRAT_mod49.8)","Quartzite",0.0590542553862989,-0.021657959568024,0.144071121719036
"329","(STRAT_mod25.5 - STRAT_mod26.6) - (STRAT_mod37.1 - STRAT_mod49.8)","Quartzite",0.0671411942154156,-0.0181882457861047,0.153010701421686
"330","(STRAT_mod25.5 - STRAT_mod27.2) - (STRAT_mod25.5 - STRAT_mod29.6)","Quartzite",-0.0115953314282744,-0.0679477544826037,0.0451947324729316
"331","(STRAT_mod25.5 - STRAT_mod27.2) - (STRAT_mod25.5 - STRAT_mod37.1)","Quartzite",-0.0191813750842191,-0.0754170485550225,0.0448476919477034
"332","(STRAT_mod25.5 - STRAT_mod27.2) - (STRAT_mod25.5 - STRAT_mod49.8)","Quartzite",0.0352283979771515,-0.0338419585270295,0.107135816743876
"333","(STRAT_mod25.5 - STRAT_mod27.2) - (STRAT_mod26.6 - STRAT_mod27.2)","Quartzite",0.0116506282401676,-0.0389460115187363,0.0678051468785981
"334","(STRAT_mod25.5 - STRAT_mod27.2) - (STRAT_mod26.6 - STRAT_mod29.6)","Quartzite",-0.000594117399512983,-0.0777979793279671,0.0766063289480154
"335","(STRAT_mod25.5 - STRAT_mod27.2) - (STRAT_mod26.6 - STRAT_mod37.1)","Quartzite",-0.00716907620862228,-0.0868713026509265,0.0722906996583914
"336","(STRAT_mod25.5 - STRAT_mod27.2) - (STRAT_mod26.6 - STRAT_mod49.8)","Quartzite",0.0479987019428938,-0.0389307129789245,0.135268001433571
"337","(STRAT_mod25.5 - STRAT_mod27.2) - (STRAT_mod27.2 - STRAT_mod29.6)","Quartzite",0.0707828956791605,-0.0340296949249304,0.171837094095158
"338","(STRAT_mod25.5 - STRAT_mod27.2) - (STRAT_mod27.2 - STRAT_mod37.1)","Quartzite",0.0642608267135503,-0.0392620013930434,0.167972545938049
"339","(STRAT_mod25.5 - STRAT_mod27.2) - (STRAT_mod27.2 - STRAT_mod49.8)","Quartzite",0.118893781126318,0.0118880955020146,0.231545551993124
"340","(STRAT_mod25.5 - STRAT_mod27.2) - (STRAT_mod29.6 - STRAT_mod37.1)","Quartzite",0.0766553478998753,-0.00248813358599342,0.158248714729793
"341","(STRAT_mod25.5 - STRAT_mod27.2) - (STRAT_mod29.6 - STRAT_mod49.8)","Quartzite",0.130799325111371,0.0474316699906674,0.221448444783046
"342","(STRAT_mod25.5 - STRAT_mod27.2) - (STRAT_mod37.1 - STRAT_mod49.8)","Quartzite",0.138079783822969,0.0450425326793216,0.224218931966424
"343","(STRAT_mod25.5 - STRAT_mod29.6) - (STRAT_mod25.5 - STRAT_mod37.1)","Quartzite",-0.00683736857013129,-0.0595216323295844,0.0491776492336569
"344","(STRAT_mod25.5 - STRAT_mod29.6) - (STRAT_mod25.5 - STRAT_mod49.8)","Quartzite",0.0467457121634081,-0.0185272628474067,0.1098558811254
"345","(STRAT_mod25.5 - STRAT_mod29.6) - (STRAT_mod26.6 - STRAT_mod27.2)","Quartzite",0.0233827619230755,-0.052715044070661,0.103729932752646
"346","(STRAT_mod25.5 - STRAT_mod29.6) - (STRAT_mod26.6 - STRAT_mod29.6)","Quartzite",0.0116506282401676,-0.0389460115187363,0.0678051468785981
"347","(STRAT_mod25.5 - STRAT_mod29.6) - (STRAT_mod26.6 - STRAT_mod37.1)","Quartzite",0.0042383660713563,-0.0709906294738687,0.0817820434047052
"348","(STRAT_mod25.5 - STRAT_mod29.6) - (STRAT_mod26.6 - STRAT_mod49.8)","Quartzite",0.0590542553862989,-0.021657959568024,0.144071121719036
"349","(STRAT_mod25.5 - STRAT_mod29.6) - (STRAT_mod27.2 - STRAT_mod29.6)","Quartzite",0.0832946244111989,0.0250737638379994,0.14258543207452
"350","(STRAT_mod25.5 - STRAT_mod29.6) - (STRAT_mod27.2 - STRAT_mod37.1)","Quartzite",0.0766553478998753,-0.00248813358599342,0.158248714729793
"351","(STRAT_mod25.5 - STRAT_mod29.6) - (STRAT_mod27.2 - STRAT_mod49.8)","Quartzite",0.130799325111371,0.0474316699906674,0.221448444783046
"352","(STRAT_mod25.5 - STRAT_mod29.6) - (STRAT_mod29.6 - STRAT_mod37.1)","Quartzite",0.0879182794468167,-0.00194077149952587,0.179126916170626
"353","(STRAT_mod25.5 - STRAT_mod29.6) - (STRAT_mod29.6 - STRAT_mod49.8)","Quartzite",0.142619481351455,0.0465256357420696,0.238857294360895
"354","(STRAT_mod25.5 - STRAT_mod29.6) - (STRAT_mod37.1 - STRAT_mod49.8)","Quartzite",0.149198380076166,0.0649993960834978,0.234652427929177
"355","(STRAT_mod25.5 - STRAT_mod37.1) - (STRAT_mod25.5 - STRAT_mod49.8)","Quartzite",0.054743530911606,-0.0132119505895707,0.123330658416865
"356","(STRAT_mod25.5 - STRAT_mod37.1) - (STRAT_mod26.6 - STRAT_mod27.2)","Quartzite",0.0307838839332364,-0.0451890008290232,0.115658752543633
"357","(STRAT_mod25.5 - STRAT_mod37.1) - (STRAT_mod26.6 - STRAT_mod29.6)","Quartzite",0.0189228333670939,-0.0569751622625017,0.0943936716826022
"358","(STRAT_mod25.5 - STRAT_mod37.1) - (STRAT_mod26.6 - STRAT_mod37.1)","Quartzite",0.0116506282401676,-0.0389460115187363,0.0678051468785981
"359","(STRAT_mod25.5 - STRAT_mod37.1) - (STRAT_mod26.6 - STRAT_mod49.8)","Quartzite",0.0671411942154156,-0.0181882457861047,0.153010701421686
"360","(STRAT_mod25.5 - STRAT_mod37.1) - (STRAT_mod27.2 - STRAT_mod29.6)","Quartzite",0.0903172991704579,0.00944156103556582,0.170205237215372
"361","(STRAT_mod25.5 - STRAT_mod37.1) - (STRAT_mod27.2 - STRAT_mod37.1)","Quartzite",0.0832946244111989,0.0250737638379994,0.14258543207452
"362","(STRAT_mod25.5 - STRAT_mod37.1) - (STRAT_mod27.2 - STRAT_mod49.8)","Quartzite",0.138079783822969,0.0450425326793216,0.224218931966424
"363","(STRAT_mod25.5 - STRAT_mod37.1) - (STRAT_mod29.6 - STRAT_mod37.1)","Quartzite",0.094585175561599,0.0430173243181735,0.148931470665528
"364","(STRAT_mod25.5 - STRAT_mod37.1) - (STRAT_mod29.6 - STRAT_mod49.8)","Quartzite",0.149198380076166,0.0649993960834978,0.234652427929177
"365","(STRAT_mod25.5 - STRAT_mod37.1) - (STRAT_mod37.1 - STRAT_mod49.8)","Quartzite",0.156951437213729,0.0505907532496117,0.262644032551888
"366","(STRAT_mod25.5 - STRAT_mod49.8) - (STRAT_mod26.6 - STRAT_mod27.2)","Quartzite",-0.023833208423738,-0.111959939572976,0.0639595950758571
"367","(STRAT_mod25.5 - STRAT_mod49.8) - (STRAT_mod26.6 - STRAT_mod29.6)","Quartzite",-0.0354793918626717,-0.118119463045766,0.0495543883918317
"368","(STRAT_mod25.5 - STRAT_mod49.8) - (STRAT_mod26.6 - STRAT_mod37.1)","Quartzite",-0.0429817981879601,-0.127546307659747,0.0473259961492616
"369","(STRAT_mod25.5 - STRAT_mod49.8) - (STRAT_mod26.6 - STRAT_mod49.8)","Quartzite",0.0116506282401676,-0.0389460115187363,0.0678051468785981
"370","(STRAT_mod25.5 - STRAT_mod49.8) - (STRAT_mod27.2 - STRAT_mod29.6)","Quartzite",0.0360849797175793,-0.0489714574587001,0.127180213964658
"371","(STRAT_mod25.5 - STRAT_mod49.8) - (STRAT_mod27.2 - STRAT_mod37.1)","Quartzite",0.0286156420736394,-0.0594543001005134,0.121564394178457
"372","(STRAT_mod25.5 - STRAT_mod49.8) - (STRAT_mod27.2 - STRAT_mod49.8)","Quartzite",0.0832946244111989,0.0250737638379994,0.14258543207452
"373","(STRAT_mod25.5 - STRAT_mod49.8) - (STRAT_mod29.6 - STRAT_mod37.1)","Quartzite",0.0400499046867304,-0.0477216994655181,0.127418253314376
"374","(STRAT_mod25.5 - STRAT_mod49.8) - (STRAT_mod29.6 - STRAT_mod49.8)","Quartzite",0.094585175561599,0.0430173243181735,0.148931470665528
"375","(STRAT_mod25.5 - STRAT_mod49.8) - (STRAT_mod37.1 - STRAT_mod49.8)","Quartzite",0.102140671354648,0.0451103844626108,0.159551441810823
"376","(STRAT_mod26.6 - STRAT_mod27.2) - (STRAT_mod26.6 - STRAT_mod29.6)","Quartzite",-0.0115953314282744,-0.0679477544826037,0.0451947324729316
"377","(STRAT_mod26.6 - STRAT_mod27.2) - (STRAT_mod26.6 - STRAT_mod37.1)","Quartzite",-0.0191813750842191,-0.0754170485550225,0.0448476919477034
"378","(STRAT_mod26.6 - STRAT_mod27.2) - (STRAT_mod26.6 - STRAT_mod49.8)","Quartzite",0.0352283979771515,-0.0338419585270295,0.107135816743876
"379","(STRAT_mod26.6 - STRAT_mod27.2) - (STRAT_mod27.2 - STRAT_mod29.6)","Quartzite",0.0604899360725493,-0.0424887127981513,0.159804223094763
"380","(STRAT_mod26.6 - STRAT_mod27.2) - (STRAT_mod27.2 - STRAT_mod37.1)","Quartzite",0.052905823918078,-0.0478940059340549,0.158380412939884
"381","(STRAT_mod26.6 - STRAT_mod27.2) - (STRAT_mod27.2 - STRAT_mod49.8)","Quartzite",0.107039189377171,0.00350371252741777,0.222103188082147
"382","(STRAT_mod26.6 - STRAT_mod27.2) - (STRAT_mod29.6 - STRAT_mod37.1)","Quartzite",0.0647651388902002,-0.0105056394406953,0.145731342063095
"383","(STRAT_mod26.6 - STRAT_mod27.2) - (STRAT_mod29.6 - STRAT_mod49.8)","Quartzite",0.119218946959408,0.0354887924945211,0.208479973174071
"384","(STRAT_mod26.6 - STRAT_mod27.2) - (STRAT_mod37.1 - STRAT_mod49.8)","Quartzite",0.126534394027199,0.034500904207881,0.210879979022617
"385","(STRAT_mod26.6 - STRAT_mod29.6) - (STRAT_mod26.6 - STRAT_mod37.1)","Quartzite",-0.00683736857013129,-0.0595216323295844,0.0491776492336569
"386","(STRAT_mod26.6 - STRAT_mod29.6) - (STRAT_mod26.6 - STRAT_mod49.8)","Quartzite",0.0467457121634081,-0.0185272628474067,0.1098558811254
"387","(STRAT_mod26.6 - STRAT_mod29.6) - (STRAT_mod27.2 - STRAT_mod29.6)","Quartzite",0.0718600380317957,0.0150515991950786,0.128707171164616
"388","(STRAT_mod26.6 - STRAT_mod29.6) - (STRAT_mod27.2 - STRAT_mod37.1)","Quartzite",0.0647651388902002,-0.0105056394406953,0.145731342063095
"389","(STRAT_mod26.6 - STRAT_mod29.6) - (STRAT_mod27.2 - STRAT_mod49.8)","Quartzite",0.119218946959408,0.0354887924945211,0.208479973174071
"390","(STRAT_mod26.6 - STRAT_mod29.6) - (STRAT_mod29.6 - STRAT_mod37.1)","Quartzite",0.076645150441468,-0.0145874133844712,0.164585257758049
"391","(STRAT_mod26.6 - STRAT_mod29.6) - (STRAT_mod29.6 - STRAT_mod49.8)","Quartzite",0.131198328894137,0.0303563807793221,0.221834731650981
"392","(STRAT_mod26.6 - STRAT_mod29.6) - (STRAT_mod37.1 - STRAT_mod49.8)","Quartzite",0.137481005004326,0.0477870627154906,0.217615084581234
"393","(STRAT_mod26.6 - STRAT_mod37.1) - (STRAT_mod26.6 - STRAT_mod49.8)","Quartzite",0.054743530911606,-0.0132119505895707,0.123330658416865
"394","(STRAT_mod26.6 - STRAT_mod37.1) - (STRAT_mod27.2 - STRAT_mod29.6)","Quartzite",0.0790746832442157,0.00219684345830062,0.160591605011556
"395","(STRAT_mod26.6 - STRAT_mod37.1) - (STRAT_mod27.2 - STRAT_mod37.1)","Quartzite",0.0718600380317957,0.0150515991950786,0.128707171164616
"396","(STRAT_mod26.6 - STRAT_mod37.1) - (STRAT_mod27.2 - STRAT_mod49.8)","Quartzite",0.126534394027199,0.034500904207881,0.210879979022617
"397","(STRAT_mod26.6 - STRAT_mod37.1) - (STRAT_mod29.6 - STRAT_mod37.1)","Quartzite",0.0831368667446022,0.0341652688285494,0.135803285047649
"398","(STRAT_mod26.6 - STRAT_mod37.1) - (STRAT_mod29.6 - STRAT_mod49.8)","Quartzite",0.137481005004326,0.0477870627154906,0.217615084581234
"399","(STRAT_mod26.6 - STRAT_mod37.1) - (STRAT_mod37.1 - STRAT_mod49.8)","Quartzite",0.144935403829561,0.0399717701214737,0.250455072473963
"400","(STRAT_mod26.6 - STRAT_mod49.8) - (STRAT_mod27.2 - STRAT_mod29.6)","Quartzite",0.0242760280545868,-0.0636665271781833,0.10830785264977
"401","(STRAT_mod26.6 - STRAT_mod49.8) - (STRAT_mod27.2 - STRAT_mod37.1)","Quartzite",0.0171251066790257,-0.0690849733318966,0.106627529117345
"402","(STRAT_mod26.6 - STRAT_mod49.8) - (STRAT_mod27.2 - STRAT_mod49.8)","Quartzite",0.0718600380317957,0.0150515991950786,0.128707171164616
"403","(STRAT_mod26.6 - STRAT_mod49.8) - (STRAT_mod29.6 - STRAT_mod37.1)","Quartzite",0.0287788961439346,-0.0543455346475796,0.116525609420872
"404","(STRAT_mod26.6 - STRAT_mod49.8) - (STRAT_mod29.6 - STRAT_mod49.8)","Quartzite",0.0831368667446022,0.0341652688285494,0.135803285047649
"405","(STRAT_mod26.6 - STRAT_mod49.8) - (STRAT_mod37.1 - STRAT_mod49.8)","Quartzite",0.0903682188567461,0.0354963427448336,0.145765945310067
"406","(STRAT_mod27.2 - STRAT_mod29.6) - (STRAT_mod27.2 - STRAT_mod37.1)","Quartzite",-0.00683736857013129,-0.0595216323295844,0.0491776492336569
"407","(STRAT_mod27.2 - STRAT_mod29.6) - (STRAT_mod27.2 - STRAT_mod49.8)","Quartzite",0.0467457121634081,-0.0185272628474067,0.1098558811254
"408","(STRAT_mod27.2 - STRAT_mod29.6) - (STRAT_mod29.6 - STRAT_mod37.1)","Quartzite",0.00474160738600049,-0.0878418964306098,0.0986107552777598
"409","(STRAT_mod27.2 - STRAT_mod29.6) - (STRAT_mod29.6 - STRAT_mod49.8)","Quartzite",0.0590192897900434,-0.0385993977203474,0.159285765866713
"410","(STRAT_mod27.2 - STRAT_mod29.6) - (STRAT_mod37.1 - STRAT_mod49.8)","Quartzite",0.0659324422574545,-0.0240568806567958,0.150850674024305
"411","(STRAT_mod27.2 - STRAT_mod37.1) - (STRAT_mod27.2 - STRAT_mod49.8)","Quartzite",0.054743530911606,-0.0132119505895707,0.123330658416865
"412","(STRAT_mod27.2 - STRAT_mod37.1) - (STRAT_mod29.6 - STRAT_mod37.1)","Quartzite",0.0115953314282744,-0.0451947324729316,0.0679477544826037
"413","(STRAT_mod27.2 - STRAT_mod37.1) - (STRAT_mod29.6 - STRAT_mod49.8)","Quartzite",0.0659324422574545,-0.0240568806567958,0.150850674024305
"414","(STRAT_mod27.2 - STRAT_mod37.1) - (STRAT_mod37.1 - STRAT_mod49.8)","Quartzite",0.0737517539784489,-0.0308088028903635,0.184099861518822
"415","(STRAT_mod27.2 - STRAT_mod49.8) - (STRAT_mod29.6 - STRAT_mod37.1)","Quartzite",-0.0430057923970977,-0.127381411767445,0.0524282519692996
"416","(STRAT_mod27.2 - STRAT_mod49.8) - (STRAT_mod29.6 - STRAT_mod49.8)","Quartzite",0.0115953314282744,-0.0451947324729316,0.0679477544826037
"417","(STRAT_mod27.2 - STRAT_mod49.8) - (STRAT_mod37.1 - STRAT_mod49.8)","Quartzite",0.0191813750842191,-0.0448476919477034,0.0754170485550225
"418","(STRAT_mod29.6 - STRAT_mod37.1) - (STRAT_mod29.6 - STRAT_mod49.8)","Quartzite",0.054743530911606,-0.0132119505895707,0.123330658416865
"419","(STRAT_mod29.6 - STRAT_mod37.1) - (STRAT_mod37.1 - STRAT_mod49.8)","Quartzite",0.0616322128115794,-0.0454111075859234,0.163464157462525
"420","(STRAT_mod29.6 - STRAT_mod49.8) - (STRAT_mod37.1 - STRAT_mod49.8)","Quartzite",0.00683736857013129,-0.0491776492336569,0.0595216323295844
"421","(STRAT_mod8.4 - STRAT_mod25.5) - (STRAT_mod8.4 - STRAT_mod26.6)","Silcrete",-0.0435160928321008,-0.138474599953867,0.0550088546147967
"422","(STRAT_mod8.4 - STRAT_mod25.5) - (STRAT_mod8.4 - STRAT_mod27.2)","Silcrete",-0.111547318220202,-0.26670183307773,0.0400489505441701
"423","(STRAT_mod8.4 - STRAT_mod25.5) - (STRAT_mod8.4 - STRAT_mod29.6)","Silcrete",-0.0462224618308056,-0.172873189458984,0.077285277301669
"424","(STRAT_mod8.4 - STRAT_mod25.5) - (STRAT_mod8.4 - STRAT_mod37.1)","Silcrete",-0.0315950783260528,-0.158940141917235,0.0954692075473003
"425","(STRAT_mod8.4 - STRAT_mod25.5) - (STRAT_mod8.4 - STRAT_mod49.8)","Silcrete",-0.11994048278958,-0.229381409623874,0.00207404998582472
"426","(STRAT_mod8.4 - STRAT_mod25.5) - (STRAT_mod25.5 - STRAT_mod26.6)","Silcrete",0.0318306824703707,-0.112533912692835,0.157778643684889
"427","(STRAT_mod8.4 - STRAT_mod25.5) - (STRAT_mod25.5 - STRAT_mod27.2)","Silcrete",-0.0361310110469235,-0.224151533707238,0.135688620612193
"428","(STRAT_mod8.4 - STRAT_mod25.5) - (STRAT_mod25.5 - STRAT_mod29.6)","Silcrete",0.0298807985209171,-0.121660161201823,0.187770179912128
"429","(STRAT_mod8.4 - STRAT_mod25.5) - (STRAT_mod25.5 - STRAT_mod37.1)","Silcrete",0.0433539821880455,-0.112346704043961,0.204163926437047
"430","(STRAT_mod8.4 - STRAT_mod25.5) - (STRAT_mod25.5 - STRAT_mod49.8)","Silcrete",-0.0441212990364686,-0.195012463547284,0.104711005422027
"431","(STRAT_mod8.4 - STRAT_mod25.5) - (STRAT_mod26.6 - STRAT_mod27.2)","Silcrete",0.00675638939410228,-0.165689822137564,0.191990628674509
"432","(STRAT_mod8.4 - STRAT_mod25.5) - (STRAT_mod26.6 - STRAT_mod29.6)","Silcrete",0.0720312704963524,-0.0812992756668511,0.234061879869153
"433","(STRAT_mod8.4 - STRAT_mod25.5) - (STRAT_mod26.6 - STRAT_mod37.1)","Silcrete",0.0869712116888712,-0.0754533205373575,0.238797341716706
"434","(STRAT_mod8.4 - STRAT_mod25.5) - (STRAT_mod26.6 - STRAT_mod49.8)","Silcrete",-0.00127068171082967,-0.145243750531174,0.143890689350771
"435","(STRAT_mod8.4 - STRAT_mod25.5) - (STRAT_mod27.2 - STRAT_mod29.6)","Silcrete",0.14016671557925,-0.0495409809867624,0.338514946947392
"436","(STRAT_mod8.4 - STRAT_mod25.5) - (STRAT_mod27.2 - STRAT_mod37.1)","Silcrete",0.155200538154527,-0.0358436016220174,0.356943315951119
"437","(STRAT_mod8.4 - STRAT_mod25.5) - (STRAT_mod27.2 - STRAT_mod49.8)","Silcrete",0.0656856001091739,-0.121897667242974,0.252661019685858
"438","(STRAT_mod8.4 - STRAT_mod25.5) - (STRAT_mod29.6 - STRAT_mod37.1)","Silcrete",0.091345682573013,-0.0970869782479715,0.256976573040743
"439","(STRAT_mod8.4 - STRAT_mod25.5) - (STRAT_mod29.6 - STRAT_mod49.8)","Silcrete",-0.000224591776917249,-0.16706751725547,0.169652936588223
"440","(STRAT_mod8.4 - STRAT_mod25.5) - (STRAT_mod37.1 - STRAT_mod49.8)","Silcrete",-0.0141605977511974,-0.181982999490019,0.157488191050493
"441","(STRAT_mod8.4 - STRAT_mod26.6) - (STRAT_mod8.4 - STRAT_mod27.2)","Silcrete",-0.0688655273289085,-0.229812521477823,0.102602618872721
"442","(STRAT_mod8.4 - STRAT_mod26.6) - (STRAT_mod8.4 - STRAT_mod29.6)","Silcrete",-0.00291382462917777,-0.149705045412219,0.138171309869164
"443","(STRAT_mod8.4 - STRAT_mod26.6) - (STRAT_mod8.4 - STRAT_mod37.1)","Silcrete",0.0124308501175661,-0.131704472331341,0.155175647544783
"444","(STRAT_mod8.4 - STRAT_mod26.6) - (STRAT_mod8.4 - STRAT_mod49.8)","Silcrete",-0.0745925987331215,-0.205048289858576,0.0568817329196256
"445","(STRAT_mod8.4 - STRAT_mod26.6) - (STRAT_mod25.5 - STRAT_mod26.6)","Silcrete",0.074951952770834,0.00990848217302087,0.134111248891446
"446","(STRAT_mod8.4 - STRAT_mod26.6) - (STRAT_mod25.5 - STRAT_mod27.2)","Silcrete",0.00675638939410228,-0.165689822137564,0.191990628674509
"447","(STRAT_mod8.4 - STRAT_mod26.6) - (STRAT_mod25.5 - STRAT_mod29.6)","Silcrete",0.0720312704963524,-0.0812992756668511,0.234061879869153
"448","(STRAT_mod8.4 - STRAT_mod26.6) - (STRAT_mod25.5 - STRAT_mod37.1)","Silcrete",0.0869712116888712,-0.0754533205373575,0.238797341716706
"449","(STRAT_mod8.4 - STRAT_mod26.6) - (STRAT_mod25.5 - STRAT_mod49.8)","Silcrete",-0.00127068171082967,-0.145243750531174,0.143890689350771
"450","(STRAT_mod8.4 - STRAT_mod26.6) - (STRAT_mod26.6 - STRAT_mod27.2)","Silcrete",0.0488637213855507,-0.171839577619318,0.278814922222079
"451","(STRAT_mod8.4 - STRAT_mod26.6) - (STRAT_mod26.6 - STRAT_mod29.6)","Silcrete",0.115215386873566,-0.108385069678112,0.313043319169203
"452","(STRAT_mod8.4 - STRAT_mod26.6) - (STRAT_mod26.6 - STRAT_mod37.1)","Silcrete",0.131364382206779,-0.0660801115147662,0.351506168702609
"453","(STRAT_mod8.4 - STRAT_mod26.6) - (STRAT_mod26.6 - STRAT_mod49.8)","Silcrete",0.0428378457796015,-0.157703916288207,0.242117528935639
"454","(STRAT_mod8.4 - STRAT_mod26.6) - (STRAT_mod27.2 - STRAT_mod29.6)","Silcrete",0.183603572825266,-0.0150932841981377,0.395742075387592
"455","(STRAT_mod8.4 - STRAT_mod26.6) - (STRAT_mod27.2 - STRAT_mod37.1)","Silcrete",0.199521499628459,-0.00780718679285686,0.405878212893889
"456","(STRAT_mod8.4 - STRAT_mod26.6) - (STRAT_mod27.2 - STRAT_mod49.8)","Silcrete",0.110404175955081,-0.0849702061663513,0.310976059736395
"457","(STRAT_mod8.4 - STRAT_mod26.6) - (STRAT_mod29.6 - STRAT_mod37.1)","Silcrete",0.132557001580119,-0.0450057720667179,0.335594480192384
"458","(STRAT_mod8.4 - STRAT_mod26.6) - (STRAT_mod29.6 - STRAT_mod49.8)","Silcrete",0.0448933177788811,-0.134856761693553,0.228259436730924
"459","(STRAT_mod8.4 - STRAT_mod26.6) - (STRAT_mod37.1 - STRAT_mod49.8)","Silcrete",0.0287106344413122,-0.144424747927675,0.220004613118206
"460","(STRAT_mod8.4 - STRAT_mod27.2) - (STRAT_mod8.4 - STRAT_mod29.6)","Silcrete",0.0656091492127793,-0.114472552122343,0.255821482899532
"461","(STRAT_mod8.4 - STRAT_mod27.2) - (STRAT_mod8.4 - STRAT_mod37.1)","Silcrete",0.0818343297260617,-0.106707607361648,0.267030216350312
"462","(STRAT_mod8.4 - STRAT_mod27.2) - (STRAT_mod8.4 - STRAT_mod49.8)","Silcrete",-0.00636928845228191,-0.188113424269865,0.16553060850993
"463","(STRAT_mod8.4 - STRAT_mod27.2) - (STRAT_mod25.5 - STRAT_mod26.6)","Silcrete",0.144903455752912,-0.0421381535018335,0.314006109581341
"464","(STRAT_mod8.4 - STRAT_mod27.2) - (STRAT_mod25.5 - STRAT_mod27.2)","Silcrete",0.074951952770834,0.00990848217302087,0.134111248891446
"465","(STRAT_mod8.4 - STRAT_mod27.2) - (STRAT_mod25.5 - STRAT_mod29.6)","Silcrete",0.14016671557925,-0.0495409809867624,0.338514946947392
"466","(STRAT_mod8.4 - STRAT_mod27.2) - (STRAT_mod25.5 - STRAT_mod37.1)","Silcrete",0.155200538154527,-0.0358436016220174,0.356943315951119
"467","(STRAT_mod8.4 - STRAT_mod27.2) - (STRAT_mod25.5 - STRAT_mod49.8)","Silcrete",0.0656856001091739,-0.121897667242974,0.252661019685858
"468","(STRAT_mod8.4 - STRAT_mod27.2) - (STRAT_mod26.6 - STRAT_mod27.2)","Silcrete",0.118444030475542,0.0283329418439728,0.212094404671935
"469","(STRAT_mod8.4 - STRAT_mod27.2) - (STRAT_mod26.6 - STRAT_mod29.6)","Silcrete",0.183603572825266,-0.0150932841981377,0.395742075387592
"470","(STRAT_mod8.4 - STRAT_mod27.2) - (STRAT_mod26.6 - STRAT_mod37.1)","Silcrete",0.199521499628459,-0.00780718679285686,0.405878212893889
"471","(STRAT_mod8.4 - STRAT_mod27.2) - (STRAT_mod26.6 - STRAT_mod49.8)","Silcrete",0.110404175955081,-0.0849702061663513,0.310976059736395
"472","(STRAT_mod8.4 - STRAT_mod27.2) - (STRAT_mod27.2 - STRAT_mod29.6)","Silcrete",0.255165005129722,-0.0618188556273513,0.565565299554133
"473","(STRAT_mod8.4 - STRAT_mod27.2) - (STRAT_mod27.2 - STRAT_mod37.1)","Silcrete",0.268858843064407,-0.0590761381103557,0.567195861150839
"474","(STRAT_mod8.4 - STRAT_mod27.2) - (STRAT_mod27.2 - STRAT_mod49.8)","Silcrete",0.179243519422328,-0.127335415794942,0.487587949713951
"475","(STRAT_mod8.4 - STRAT_mod27.2) - (STRAT_mod29.6 - STRAT_mod37.1)","Silcrete",0.202323351021322,-0.0128906707287584,0.432896176132951
"476","(STRAT_mod8.4 - STRAT_mod27.2) - (STRAT_mod29.6 - STRAT_mod49.8)","Silcrete",0.112360541126923,-0.0995451978048156,0.327435310359946
"477","(STRAT_mod8.4 - STRAT_mod27.2) - (STRAT_mod37.1 - STRAT_mod49.8)","Silcrete",0.0962129732775892,-0.125717128080846,0.308297667252726
"478","(STRAT_mod8.4 - STRAT_mod29.6) - (STRAT_mod8.4 - STRAT_mod37.1)","Silcrete",0.0163971014670925,-0.14670468405432,0.184243369086454
"479","(STRAT_mod8.4 - STRAT_mod29.6) - (STRAT_mod8.4 - STRAT_mod49.8)","Silcrete",-0.072493118572196,-0.221516027555051,0.0898479039603575
"480","(STRAT_mod8.4 - STRAT_mod29.6) - (STRAT_mod25.5 - STRAT_mod26.6)","Silcrete",0.0768347001429548,-0.0855480910490081,0.227415070782504
"481","(STRAT_mod8.4 - STRAT_mod29.6) - (STRAT_mod25.5 - STRAT_mod27.2)","Silcrete",0.00899440325448797,-0.194206573535166,0.199223791268147
"482","(STRAT_mod8.4 - STRAT_mod29.6) - (STRAT_mod25.5 - STRAT_mod29.6)","Silcrete",0.074951952770834,0.00990848217302087,0.134111248891446
"483","(STRAT_mod8.4 - STRAT_mod29.6) - (STRAT_mod25.5 - STRAT_mod37.1)","Silcrete",0.091345682573013,-0.0970869782479715,0.256976573040743
"484","(STRAT_mod8.4 - STRAT_mod29.6) - (STRAT_mod25.5 - STRAT_mod49.8)","Silcrete",-0.000224591776917249,-0.16706751725547,0.169652936588223
"485","(STRAT_mod8.4 - STRAT_mod29.6) - (STRAT_mod26.6 - STRAT_mod27.2)","Silcrete",0.0512436674919399,-0.149174083367524,0.26555780873108
"486","(STRAT_mod8.4 - STRAT_mod29.6) - (STRAT_mod26.6 - STRAT_mod29.6)","Silcrete",0.118444030475542,0.0283329418439728,0.212094404671935
"487","(STRAT_mod8.4 - STRAT_mod29.6) - (STRAT_mod26.6 - STRAT_mod37.1)","Silcrete",0.132557001580119,-0.0450057720667179,0.335594480192384
"488","(STRAT_mod8.4 - STRAT_mod29.6) - (STRAT_mod26.6 - STRAT_mod49.8)","Silcrete",0.0448933177788811,-0.134856761693553,0.228259436730924
"489","(STRAT_mod8.4 - STRAT_mod29.6) - (STRAT_mod27.2 - STRAT_mod29.6)","Silcrete",0.186598274698648,0.0359940909620593,0.332364934717082
"490","(STRAT_mod8.4 - STRAT_mod29.6) - (STRAT_mod27.2 - STRAT_mod37.1)","Silcrete",0.202323351021322,-0.0128906707287584,0.432896176132951
"491","(STRAT_mod8.4 - STRAT_mod29.6) - (STRAT_mod27.2 - STRAT_mod49.8)","Silcrete",0.112360541126923,-0.0995451978048156,0.327435310359946
"492","(STRAT_mod8.4 - STRAT_mod29.6) - (STRAT_mod29.6 - STRAT_mod37.1)","Silcrete",0.137020947235952,-0.113893712797409,0.408630711960473
"493","(STRAT_mod8.4 - STRAT_mod29.6) - (STRAT_mod29.6 - STRAT_mod49.8)","Silcrete",0.0478946631575672,-0.207013726231347,0.298853591171225
"494","(STRAT_mod8.4 - STRAT_mod29.6) - (STRAT_mod37.1 - STRAT_mod49.8)","Silcrete",0.031741848493231,-0.167024846289499,0.225128066327959
"495","(STRAT_mod8.4 - STRAT_mod37.1) - (STRAT_mod8.4 - STRAT_mod49.8)","Silcrete",-0.0877651523017104,-0.243407025769407,0.0689890705942586
"496","(STRAT_mod8.4 - STRAT_mod37.1) - (STRAT_mod25.5 - STRAT_mod26.6)","Silcrete",0.0630090480465568,-0.0968526443409594,0.219435594884617
"497","(STRAT_mod8.4 - STRAT_mod37.1) - (STRAT_mod25.5 - STRAT_mod27.2)","Silcrete",-0.00681850196538769,-0.202607726649831,0.190823425018746
"498","(STRAT_mod8.4 - STRAT_mod37.1) - (STRAT_mod25.5 - STRAT_mod29.6)","Silcrete",0.0586260971429799,-0.12788945806501,0.225070723455606
"499","(STRAT_mod8.4 - STRAT_mod37.1) - (STRAT_mod25.5 - STRAT_mod37.1)","Silcrete",0.074951952770834,0.00990848217302087,0.134111248891446
"500","(STRAT_mod8.4 - STRAT_mod37.1) - (STRAT_mod25.5 - STRAT_mod49.8)","Silcrete",-0.0141605977511974,-0.181982999490019,0.157488191050493
"501","(STRAT_mod8.4 - STRAT_mod37.1) - (STRAT_mod26.6 - STRAT_mod27.2)","Silcrete",0.0365305885295537,-0.172274381262587,0.240389442303737
"502","(STRAT_mod8.4 - STRAT_mod37.1) - (STRAT_mod26.6 - STRAT_mod29.6)","Silcrete",0.101816245498034,-0.0853374197761432,0.295551354804223
"503","(STRAT_mod8.4 - STRAT_mod37.1) - (STRAT_mod26.6 - STRAT_mod37.1)","Silcrete",0.118444030475542,0.0283329418439728,0.212094404671935
"504","(STRAT_mod8.4 - STRAT_mod37.1) - (STRAT_mod26.6 - STRAT_mod49.8)","Silcrete",0.0287106344413122,-0.144424747927675,0.220004613118206
"505","(STRAT_mod8.4 - STRAT_mod37.1) - (STRAT_mod27.2 - STRAT_mod29.6)","Silcrete",0.169651092335915,-0.055140222208101,0.391122732890445
"506","(STRAT_mod8.4 - STRAT_mod37.1) - (STRAT_mod27.2 - STRAT_mod37.1)","Silcrete",0.186598274698648,0.0359940909620593,0.332364934717082
"507","(STRAT_mod8.4 - STRAT_mod37.1) - (STRAT_mod27.2 - STRAT_mod49.8)","Silcrete",0.0962129732775892,-0.125717128080846,0.308297667252726
"508","(STRAT_mod8.4 - STRAT_mod37.1) - (STRAT_mod29.6 - STRAT_mod37.1)","Silcrete",0.12051987129777,0.00163064201861474,0.244714202601665
"509","(STRAT_mod8.4 - STRAT_mod37.1) - (STRAT_mod29.6 - STRAT_mod49.8)","Silcrete",0.031741848493231,-0.167024846289499,0.225128066327959
"510","(STRAT_mod8.4 - STRAT_mod37.1) - (STRAT_mod37.1 - STRAT_mod49.8)","Silcrete",0.017577334521113,-0.26664187924158,0.257599283573497
"511","(STRAT_mod8.4 - STRAT_mod49.8) - (STRAT_mod25.5 - STRAT_mod26.6)","Silcrete",0.148861135609834,0.00097490592702254,0.29212767509645
"512","(STRAT_mod8.4 - STRAT_mod49.8) - (STRAT_mod25.5 - STRAT_mod27.2)","Silcrete",0.0805395222491097,-0.113864370967975,0.261892701342392
"513","(STRAT_mod8.4 - STRAT_mod49.8) - (STRAT_mod25.5 - STRAT_mod29.6)","Silcrete",0.146712151690013,-0.011027730969265,0.317860734099647
"514","(STRAT_mod8.4 - STRAT_mod49.8) - (STRAT_mod25.5 - STRAT_mod37.1)","Silcrete",0.161338198753691,-0.000394894005045998,0.332536519566391
"515","(STRAT_mod8.4 - STRAT_mod49.8) - (STRAT_mod25.5 - STRAT_mod49.8)","Silcrete",0.074951952770834,0.00990848217302087,0.134111248891446
"516","(STRAT_mod8.4 - STRAT_mod49.8) - (STRAT_mod26.6 - STRAT_mod27.2)","Silcrete",0.124422086262577,-0.0633328957369388,0.334638056754592
"517","(STRAT_mod8.4 - STRAT_mod49.8) - (STRAT_mod26.6 - STRAT_mod29.6)","Silcrete",0.190372364464827,0.00318449270233501,0.362519126836477
"518","(STRAT_mod8.4 - STRAT_mod49.8) - (STRAT_mod26.6 - STRAT_mod37.1)","Silcrete",0.206186215362104,0.0209745643531249,0.381090185006419
"519","(STRAT_mod8.4 - STRAT_mod49.8) - (STRAT_mod26.6 - STRAT_mod49.8)","Silcrete",0.118444030475542,0.0283329418439728,0.212094404671935
"520","(STRAT_mod8.4 - STRAT_mod49.8) - (STRAT_mod27.2 - STRAT_mod29.6)","Silcrete",0.258701944445341,0.0398432999060918,0.471299747679239
"521","(STRAT_mod8.4 - STRAT_mod49.8) - (STRAT_mod27.2 - STRAT_mod37.1)","Silcrete",0.274551139938106,0.0611532054312871,0.490182215461064
"522","(STRAT_mod8.4 - STRAT_mod49.8) - (STRAT_mod27.2 - STRAT_mod49.8)","Silcrete",0.186598274698648,0.0359940909620593,0.332364934717082
"523","(STRAT_mod8.4 - STRAT_mod49.8) - (STRAT_mod29.6 - STRAT_mod37.1)","Silcrete",0.209029609238074,0.00961100161825001,0.403294582153843
"524","(STRAT_mod8.4 - STRAT_mod49.8) - (STRAT_mod29.6 - STRAT_mod49.8)","Silcrete",0.12051987129777,0.00163064201861474,0.244714202601665
"525","(STRAT_mod8.4 - STRAT_mod49.8) - (STRAT_mod37.1 - STRAT_mod49.8)","Silcrete",0.105841438696435,-0.0214760948672406,0.227702722716832
"526","(STRAT_mod25.5 - STRAT_mod26.6) - (STRAT_mod25.5 - STRAT_mod27.2)","Silcrete",-0.0688655273289085,-0.229812521477823,0.102602618872721
"527","(STRAT_mod25.5 - STRAT_mod26.6) - (STRAT_mod25.5 - STRAT_mod29.6)","Silcrete",-0.00291382462917777,-0.149705045412219,0.138171309869164
"528","(STRAT_mod25.5 - STRAT_mod26.6) - (STRAT_mod25.5 - STRAT_mod37.1)","Silcrete",0.0124308501175661,-0.131704472331341,0.155175647544783
"529","(STRAT_mod25.5 - STRAT_mod26.6) - (STRAT_mod25.5 - STRAT_mod49.8)","Silcrete",-0.0745925987331215,-0.205048289858576,0.0568817329196256
"530","(STRAT_mod25.5 - STRAT_mod26.6) - (STRAT_mod26.6 - STRAT_mod27.2)","Silcrete",-0.0258982831308066,-0.259194523594874,0.193395342169965
"531","(STRAT_mod25.5 - STRAT_mod26.6) - (STRAT_mod26.6 - STRAT_mod29.6)","Silcrete",0.0397699632337305,-0.176651262467235,0.24639649092306
"532","(STRAT_mod25.5 - STRAT_mod26.6) - (STRAT_mod26.6 - STRAT_mod37.1)","Silcrete",0.0561564678355186,-0.153314022076122,0.268361215389561
"533","(STRAT_mod25.5 - STRAT_mod26.6) - (STRAT_mod26.6 - STRAT_mod49.8)","Silcrete",-0.0315856595358039,-0.237116088760855,0.168946806254009
"534","(STRAT_mod25.5 - STRAT_mod26.6) - (STRAT_mod27.2 - STRAT_mod29.6)","Silcrete",0.108951116172087,-0.103430970048574,0.312327581080128
"535","(STRAT_mod25.5 - STRAT_mod26.6) - (STRAT_mod27.2 - STRAT_mod37.1)","Silcrete",0.124684775133057,-0.0847616645181568,0.333529813521884
"536","(STRAT_mod25.5 - STRAT_mod26.6) - (STRAT_mod27.2 - STRAT_mod49.8)","Silcrete",0.0350950965742933,-0.159698167525634,0.23539531617528
"537","(STRAT_mod25.5 - STRAT_mod26.6) - (STRAT_mod29.6 - STRAT_mod37.1)","Silcrete",0.058102821355561,-0.130320983034775,0.254322233093907
"538","(STRAT_mod25.5 - STRAT_mod26.6) - (STRAT_mod29.6 - STRAT_mod49.8)","Silcrete",-0.0295821730731531,-0.218258196493599,0.145039479585168
"539","(STRAT_mod25.5 - STRAT_mod26.6) - (STRAT_mod37.1 - STRAT_mod49.8)","Silcrete",-0.0444778810347888,-0.237561473293634,0.126879843081411
"540","(STRAT_mod25.5 - STRAT_mod27.2) - (STRAT_mod25.5 - STRAT_mod29.6)","Silcrete",0.0656091492127793,-0.114472552122343,0.255821482899532
"541","(STRAT_mod25.5 - STRAT_mod27.2) - (STRAT_mod25.5 - STRAT_mod37.1)","Silcrete",0.0818343297260617,-0.106707607361648,0.267030216350312
"542","(STRAT_mod25.5 - STRAT_mod27.2) - (STRAT_mod25.5 - STRAT_mod49.8)","Silcrete",-0.00636928845228191,-0.188113424269865,0.16553060850993
"543","(STRAT_mod25.5 - STRAT_mod27.2) - (STRAT_mod26.6 - STRAT_mod27.2)","Silcrete",0.0435160928321008,-0.0550088546147967,0.138474599953867
"544","(STRAT_mod25.5 - STRAT_mod27.2) - (STRAT_mod26.6 - STRAT_mod29.6)","Silcrete",0.108951116172087,-0.103430970048574,0.312327581080128
"545","(STRAT_mod25.5 - STRAT_mod27.2) - (STRAT_mod26.6 - STRAT_mod37.1)","Silcrete",0.124684775133057,-0.0847616645181568,0.333529813521884
"546","(STRAT_mod25.5 - STRAT_mod27.2) - (STRAT_mod26.6 - STRAT_mod49.8)","Silcrete",0.0350950965742933,-0.159698167525634,0.23539531617528
"547","(STRAT_mod25.5 - STRAT_mod27.2) - (STRAT_mod27.2 - STRAT_mod29.6)","Silcrete",0.177127088188594,-0.127772773696158,0.50070141204609
"548","(STRAT_mod25.5 - STRAT_mod27.2) - (STRAT_mod27.2 - STRAT_mod37.1)","Silcrete",0.193549572639619,-0.128106798494729,0.505662068491319
"549","(STRAT_mod25.5 - STRAT_mod27.2) - (STRAT_mod27.2 - STRAT_mod49.8)","Silcrete",0.105790880591396,-0.210396964694249,0.408206209388593
"550","(STRAT_mod25.5 - STRAT_mod27.2) - (STRAT_mod29.6 - STRAT_mod37.1)","Silcrete",0.126527726110281,-0.0927518501587863,0.356453793253345
"551","(STRAT_mod25.5 - STRAT_mod27.2) - (STRAT_mod29.6 - STRAT_mod49.8)","Silcrete",0.0379618545159777,-0.168751682825611,0.267146019811959
"552","(STRAT_mod25.5 - STRAT_mod27.2) - (STRAT_mod37.1 - STRAT_mod49.8)","Silcrete",0.023012133228913,-0.185223234575359,0.253911030134211
"553","(STRAT_mod25.5 - STRAT_mod29.6) - (STRAT_mod25.5 - STRAT_mod37.1)","Silcrete",0.0163971014670925,-0.14670468405432,0.184243369086454
"554","(STRAT_mod25.5 - STRAT_mod29.6) - (STRAT_mod25.5 - STRAT_mod49.8)","Silcrete",-0.072493118572196,-0.221516027555051,0.0898479039603575
"555","(STRAT_mod25.5 - STRAT_mod29.6) - (STRAT_mod26.6 - STRAT_mod27.2)","Silcrete",-0.024100786684329,-0.220253301791991,0.19184935584658
"556","(STRAT_mod25.5 - STRAT_mod29.6) - (STRAT_mod26.6 - STRAT_mod29.6)","Silcrete",0.0435160928321008,-0.0550088546147967,0.138474599953867
"557","(STRAT_mod25.5 - STRAT_mod29.6) - (STRAT_mod26.6 - STRAT_mod37.1)","Silcrete",0.058102821355561,-0.130320983034775,0.254322233093907
"558","(STRAT_mod25.5 - STRAT_mod29.6) - (STRAT_mod26.6 - STRAT_mod49.8)","Silcrete",-0.0295821730731531,-0.218258196493599,0.145039479585168
"559","(STRAT_mod25.5 - STRAT_mod29.6) - (STRAT_mod27.2 - STRAT_mod29.6)","Silcrete",0.111547318220202,-0.0400489505441701,0.26670183307773
"560","(STRAT_mod25.5 - STRAT_mod29.6) - (STRAT_mod27.2 - STRAT_mod37.1)","Silcrete",0.126527726110281,-0.0927518501587863,0.356453793253345
"561","(STRAT_mod25.5 - STRAT_mod29.6) - (STRAT_mod27.2 - STRAT_mod49.8)","Silcrete",0.0379618545159777,-0.168751682825611,0.267146019811959
"562","(STRAT_mod25.5 - STRAT_mod29.6) - (STRAT_mod29.6 - STRAT_mod37.1)","Silcrete",0.0630999296748025,-0.201503500376477,0.326791948620635
"563","(STRAT_mod25.5 - STRAT_mod29.6) - (STRAT_mod29.6 - STRAT_mod49.8)","Silcrete",-0.0254702681191219,-0.291557452180808,0.218477720010366
"564","(STRAT_mod25.5 - STRAT_mod29.6) - (STRAT_mod37.1 - STRAT_mod49.8)","Silcrete",-0.0421348921919904,-0.245656897761749,0.153541300953496
"565","(STRAT_mod25.5 - STRAT_mod37.1) - (STRAT_mod25.5 - STRAT_mod49.8)","Silcrete",-0.0877651523017104,-0.243407025769407,0.0689890705942586
"566","(STRAT_mod25.5 - STRAT_mod37.1) - (STRAT_mod26.6 - STRAT_mod27.2)","Silcrete",-0.036730848284062,-0.232151441979975,0.186354900627562
"567","(STRAT_mod25.5 - STRAT_mod37.1) - (STRAT_mod26.6 - STRAT_mod29.6)","Silcrete",0.026877739838046,-0.157614742727355,0.229509259250084
"568","(STRAT_mod25.5 - STRAT_mod37.1) - (STRAT_mod26.6 - STRAT_mod37.1)","Silcrete",0.0435160928321008,-0.0550088546147967,0.138474599953867
"569","(STRAT_mod25.5 - STRAT_mod37.1) - (STRAT_mod26.6 - STRAT_mod49.8)","Silcrete",-0.0444778810347888,-0.237561473293634,0.126879843081411
"570","(STRAT_mod25.5 - STRAT_mod37.1) - (STRAT_mod27.2 - STRAT_mod29.6)","Silcrete",0.0956572460761873,-0.116422226861206,0.338130607073129
"571","(STRAT_mod25.5 - STRAT_mod37.1) - (STRAT_mod27.2 - STRAT_mod37.1)","Silcrete",0.111547318220202,-0.0400489505441701,0.26670183307773
"572","(STRAT_mod25.5 - STRAT_mod37.1) - (STRAT_mod27.2 - STRAT_mod49.8)","Silcrete",0.023012133228913,-0.185223234575359,0.253911030134211
"573","(STRAT_mod25.5 - STRAT_mod37.1) - (STRAT_mod29.6 - STRAT_mod37.1)","Silcrete",0.0462224618308056,-0.077285277301669,0.172873189458984
"574","(STRAT_mod25.5 - STRAT_mod37.1) - (STRAT_mod29.6 - STRAT_mod49.8)","Silcrete",-0.0421348921919904,-0.245656897761749,0.153541300953496
"575","(STRAT_mod25.5 - STRAT_mod37.1) - (STRAT_mod37.1 - STRAT_mod49.8)","Silcrete",-0.0564743856044747,-0.342636532752652,0.183362764891396
"576","(STRAT_mod25.5 - STRAT_mod49.8) - (STRAT_mod26.6 - STRAT_mod27.2)","Silcrete",0.0506404712270099,-0.164706591924269,0.243247070991925
"577","(STRAT_mod25.5 - STRAT_mod49.8) - (STRAT_mod26.6 - STRAT_mod29.6)","Silcrete",0.11649071998779,-0.0612641837947452,0.301396350889199
"578","(STRAT_mod25.5 - STRAT_mod49.8) - (STRAT_mod26.6 - STRAT_mod37.1)","Silcrete",0.131180680699264,-0.0514826194618716,0.315182831176564
"579","(STRAT_mod25.5 - STRAT_mod49.8) - (STRAT_mod26.6 - STRAT_mod49.8)","Silcrete",0.0435160928321008,-0.0550088546147967,0.138474599953867
"580","(STRAT_mod25.5 - STRAT_mod49.8) - (STRAT_mod27.2 - STRAT_mod29.6)","Silcrete",0.185044093758535,-0.0320002333927532,0.406490458093662
"581","(STRAT_mod25.5 - STRAT_mod49.8) - (STRAT_mod27.2 - STRAT_mod37.1)","Silcrete",0.201258200235678,-0.01741191509781,0.41644310384173
"582","(STRAT_mod25.5 - STRAT_mod49.8) - (STRAT_mod27.2 - STRAT_mod49.8)","Silcrete",0.111547318220202,-0.0400489505441701,0.26670183307773
"583","(STRAT_mod25.5 - STRAT_mod49.8) - (STRAT_mod29.6 - STRAT_mod37.1)","Silcrete",0.135827458309457,-0.0741371423608155,0.321809231285444
"584","(STRAT_mod25.5 - STRAT_mod49.8) - (STRAT_mod29.6 - STRAT_mod49.8)","Silcrete",0.0462224618308056,-0.077285277301669,0.172873189458984
"585","(STRAT_mod25.5 - STRAT_mod49.8) - (STRAT_mod37.1 - STRAT_mod49.8)","Silcrete",0.0315950783260528,-0.0954692075473003,0.158940141917235
"586","(STRAT_mod26.6 - STRAT_mod27.2) - (STRAT_mod26.6 - STRAT_mod29.6)","Silcrete",0.0656091492127793,-0.114472552122343,0.255821482899532
"587","(STRAT_mod26.6 - STRAT_mod27.2) - (STRAT_mod26.6 - STRAT_mod37.1)","Silcrete",0.0818343297260617,-0.106707607361648,0.267030216350312
"588","(STRAT_mod26.6 - STRAT_mod27.2) - (STRAT_mod26.6 - STRAT_mod49.8)","Silcrete",-0.00636928845228191,-0.188113424269865,0.16553060850993
"589","(STRAT_mod26.6 - STRAT_mod27.2) - (STRAT_mod27.2 - STRAT_mod29.6)","Silcrete",0.135388528976767,-0.189092151835427,0.453440834060961
"590","(STRAT_mod26.6 - STRAT_mod27.2) - (STRAT_mod27.2 - STRAT_mod37.1)","Silcrete",0.150433551344067,-0.155574445547404,0.49367073213001
"591","(STRAT_mod26.6 - STRAT_mod27.2) - (STRAT_mod27.2 - STRAT_mod49.8)","Silcrete",0.0625931176211312,-0.25886197954795,0.369105387788836
"592","(STRAT_mod26.6 - STRAT_mod27.2) - (STRAT_mod29.6 - STRAT_mod37.1)","Silcrete",0.0853998349771712,-0.144687067114369,0.325745008638239
"593","(STRAT_mod26.6 - STRAT_mod27.2) - (STRAT_mod29.6 - STRAT_mod49.8)","Silcrete",-0.00364837449773092,-0.217354760440967,0.244179158609768
"594","(STRAT_mod26.6 - STRAT_mod27.2) - (STRAT_mod37.1 - STRAT_mod49.8)","Silcrete",-0.0199020583233629,-0.243632127330135,0.219534621615086
"595","(STRAT_mod26.6 - STRAT_mod29.6) - (STRAT_mod26.6 - STRAT_mod37.1)","Silcrete",0.0163971014670925,-0.14670468405432,0.184243369086454
"596","(STRAT_mod26.6 - STRAT_mod29.6) - (STRAT_mod26.6 - STRAT_mod49.8)","Silcrete",-0.072493118572196,-0.221516027555051,0.0898479039603575
"597","(STRAT_mod26.6 - STRAT_mod29.6) - (STRAT_mod27.2 - STRAT_mod29.6)","Silcrete",0.0688655273289085,-0.102602618872721,0.229812521477823
"598","(STRAT_mod26.6 - STRAT_mod29.6) - (STRAT_mod27.2 - STRAT_mod37.1)","Silcrete",0.0853998349771712,-0.144687067114369,0.325745008638239
"599","(STRAT_mod26.6 - STRAT_mod29.6) - (STRAT_mod27.2 - STRAT_mod49.8)","Silcrete",-0.00364837449773092,-0.217354760440967,0.244179158609768
"600","(STRAT_mod26.6 - STRAT_mod29.6) - (STRAT_mod29.6 - STRAT_mod37.1)","Silcrete",0.0201795898851631,-0.259654590870301,0.28671835569785
"601","(STRAT_mod26.6 - STRAT_mod29.6) - (STRAT_mod29.6 - STRAT_mod49.8)","Silcrete",-0.0699057748628986,-0.345355208780594,0.187162924229973
"602","(STRAT_mod26.6 - STRAT_mod29.6) - (STRAT_mod37.1 - STRAT_mod49.8)","Silcrete",-0.0860162584620656,-0.298782475212509,0.120954834278231
"603","(STRAT_mod26.6 - STRAT_mod37.1) - (STRAT_mod26.6 - STRAT_mod49.8)","Silcrete",-0.0877651523017104,-0.243407025769407,0.0689890705942586
"604","(STRAT_mod26.6 - STRAT_mod37.1) - (STRAT_mod27.2 - STRAT_mod29.6)","Silcrete",0.0538817358498958,-0.193598599606547,0.277855809009977
"605","(STRAT_mod26.6 - STRAT_mod37.1) - (STRAT_mod27.2 - STRAT_mod37.1)","Silcrete",0.0688655273289085,-0.102602618872721,0.229812521477823
"606","(STRAT_mod26.6 - STRAT_mod37.1) - (STRAT_mod27.2 - STRAT_mod49.8)","Silcrete",-0.0199020583233629,-0.243632127330135,0.219534621615086
"607","(STRAT_mod26.6 - STRAT_mod37.1) - (STRAT_mod29.6 - STRAT_mod37.1)","Silcrete",0.00291382462917777,-0.138171309869164,0.149705045412219
"608","(STRAT_mod26.6 - STRAT_mod37.1) - (STRAT_mod29.6 - STRAT_mod49.8)","Silcrete",-0.0860162584620656,-0.298782475212509,0.120954834278231
"609","(STRAT_mod26.6 - STRAT_mod37.1) - (STRAT_mod37.1 - STRAT_mod49.8)","Silcrete",-0.100794978688163,-0.372417016056064,0.166693721982331
"610","(STRAT_mod26.6 - STRAT_mod49.8) - (STRAT_mod27.2 - STRAT_mod29.6)","Silcrete",0.142209737060172,-0.0790005657389479,0.376977347794941
"611","(STRAT_mod26.6 - STRAT_mod49.8) - (STRAT_mod27.2 - STRAT_mod37.1)","Silcrete",0.15620922913493,-0.0821149931275706,0.377423110795223
"612","(STRAT_mod26.6 - STRAT_mod49.8) - (STRAT_mod27.2 - STRAT_mod49.8)","Silcrete",0.0688655273289085,-0.102602618872721,0.229812521477823
"613","(STRAT_mod26.6 - STRAT_mod49.8) - (STRAT_mod29.6 - STRAT_mod37.1)","Silcrete",0.0903469969744566,-0.118082723303262,0.306459143473618
"614","(STRAT_mod26.6 - STRAT_mod49.8) - (STRAT_mod29.6 - STRAT_mod49.8)","Silcrete",0.00291382462917777,-0.138171309869164,0.149705045412219
"615","(STRAT_mod26.6 - STRAT_mod49.8) - (STRAT_mod37.1 - STRAT_mod49.8)","Silcrete",-0.0124308501175661,-0.155175647544783,0.131704472331341
"616","(STRAT_mod27.2 - STRAT_mod29.6) - (STRAT_mod27.2 - STRAT_mod37.1)","Silcrete",0.0163971014670925,-0.14670468405432,0.184243369086454
"617","(STRAT_mod27.2 - STRAT_mod29.6) - (STRAT_mod27.2 - STRAT_mod49.8)","Silcrete",-0.072493118572196,-0.221516027555051,0.0898479039603575
"618","(STRAT_mod27.2 - STRAT_mod29.6) - (STRAT_mod29.6 - STRAT_mod37.1)","Silcrete",-0.0472829152846812,-0.361507417999111,0.236076724739914
"619","(STRAT_mod27.2 - STRAT_mod29.6) - (STRAT_mod29.6 - STRAT_mod49.8)","Silcrete",-0.137818754702083,-0.434027467256765,0.151045089270434
"620","(STRAT_mod27.2 - STRAT_mod29.6) - (STRAT_mod37.1 - STRAT_mod49.8)","Silcrete",-0.153119803721568,-0.394051668860623,0.0873716966019362
"621","(STRAT_mod27.2 - STRAT_mod37.1) - (STRAT_mod27.2 - STRAT_mod49.8)","Silcrete",-0.0877651523017104,-0.243407025769407,0.0689890705942586
"622","(STRAT_mod27.2 - STRAT_mod37.1) - (STRAT_mod29.6 - STRAT_mod37.1)","Silcrete",-0.0656091492127793,-0.255821482899532,0.114472552122343
"623","(STRAT_mod27.2 - STRAT_mod37.1) - (STRAT_mod29.6 - STRAT_mod49.8)","Silcrete",-0.153119803721568,-0.394051668860623,0.0873716966019362
"624","(STRAT_mod27.2 - STRAT_mod37.1) - (STRAT_mod37.1 - STRAT_mod49.8)","Silcrete",-0.168781172071871,-0.466537440138708,0.123388450021941
"625","(STRAT_mod27.2 - STRAT_mod49.8) - (STRAT_mod29.6 - STRAT_mod37.1)","Silcrete",0.0234169515302824,-0.208564679478021,0.273794692016729
"626","(STRAT_mod27.2 - STRAT_mod49.8) - (STRAT_mod29.6 - STRAT_mod49.8)","Silcrete",-0.0656091492127793,-0.255821482899532,0.114472552122343
"627","(STRAT_mod27.2 - STRAT_mod49.8) - (STRAT_mod37.1 - STRAT_mod49.8)","Silcrete",-0.0818343297260617,-0.267030216350312,0.106707607361648
"628","(STRAT_mod29.6 - STRAT_mod37.1) - (STRAT_mod29.6 - STRAT_mod49.8)","Silcrete",-0.0877651523017104,-0.243407025769407,0.0689890705942586
"629","(STRAT_mod29.6 - STRAT_mod37.1) - (STRAT_mod37.1 - STRAT_mod49.8)","Silcrete",-0.104194691866312,-0.379478110090314,0.182737401769445
"630","(STRAT_mod29.6 - STRAT_mod49.8) - (STRAT_mod37.1 - STRAT_mod49.8)","Silcrete",-0.0163971014670925,-0.184243369086454,0.14670468405432
